recording id,start timestamp [ms],end timestamp [ms],label
f79e6fc3-2075-4b72-b8d6-473f2d2e6694,0,750,Undefined
f79e6fc3-2075-4b72-b8d6-473f2d2e6694,750,1050,Searching for pieces
f79e6fc3-2075-4b72-b8d6-473f2d2e6694,1050,2346,Looking at guide book
f79e6fc3-2075-4b72-b8d6-473f2d2e6694,2346,2788,Searching for pieces
f79e6fc3-2075-4b72-b8d6-473f2d2e6694,2788,3497,Looking at guide book
f79e6fc3-2075-4b72-b8d6-473f2d2e6694,3497,3739,Searching for pieces
f79e6fc3-2075-4b72-b8d6-473f2d2e6694,3739,4414,Looking at guide book
f79e6fc3-2075-4b72-b8d6-473f2d2e6694,4414,4956,Searching for pieces
f79e6fc3-2075-4b72-b8d6-473f2d2e6694,4956,9365,Looking at guide book
f79e6fc3-2075-4b72-b8d6-473f2d2e6694,9365,9740,Assembling
f79e6fc3-2075-4b72-b8d6-473f2d2e6694,9740,12974,Looking at guide book
f79e6fc3-2075-4b72-b8d6-473f2d2e6694,12974,13274,Assembling
f79e6fc3-2075-4b72-b8d6-473f2d2e6694,13274,13799,Looking at guide book
f79e6fc3-2075-4b72-b8d6-473f2d2e6694,13799,14341,Searching for pieces
f79e6fc3-2075-4b72-b8d6-473f2d2e6694,14341,14641,Assembling
f79e6fc3-2075-4b72-b8d6-473f2d2e6694,14641,15316,Looking at guide book
f79e6fc3-2075-4b72-b8d6-473f2d2e6694,15316,16141,Searching for pieces
f79e6fc3-2075-4b72-b8d6-473f2d2e6694,16141,21544,Looking at guide book
f79e6fc3-2075-4b72-b8d6-473f2d2e6694,21544,22319,Assembling
f79e6fc3-2075-4b72-b8d6-473f2d2e6694,22319,23419,Looking at guide book
f79e6fc3-2075-4b72-b8d6-473f2d2e6694,23419,24111,Assembling
f79e6fc3-2075-4b72-b8d6-473f2d2e6694,24111,24653,Looking at guide book
f79e6fc3-2075-4b72-b8d6-473f2d2e6694,24653,26245,Assembling
f79e6fc3-2075-4b72-b8d6-473f2d2e6694,26245,26920,Looking at guide book
f79e6fc3-2075-4b72-b8d6-473f2d2e6694,26920,29079,Assembling
f79e6fc3-2075-4b72-b8d6-473f2d2e6694,29079,29821,Looking at guide book
f79e6fc3-2075-4b72-b8d6-473f2d2e6694,29821,30271,Assembling
f79e6fc3-2075-4b72-b8d6-473f2d2e6694,30271,30796,Looking at guide book
f79e6fc3-2075-4b72-b8d6-473f2d2e6694,30796,35339,Assembling
f79e6fc3-2075-4b72-b8d6-473f2d2e6694,35339,36347,Looking at guide book
f79e6fc3-2075-4b72-b8d6-473f2d2e6694,36347,39215,Assembling
f79e6fc3-2075-4b72-b8d6-473f2d2e6694,39215,40515,Looking at guide book
f79e6fc3-2075-4b72-b8d6-473f2d2e6694,40515,41491,Assembling
f79e6fc3-2075-4b72-b8d6-473f2d2e6694,41491,44616,Looking at guide book
f79e6fc3-2075-4b72-b8d6-473f2d2e6694,44616,48359,Assembling
f79e6fc3-2075-4b72-b8d6-473f2d2e6694,48359,52477,Looking at guide book
f79e6fc3-2075-4b72-b8d6-473f2d2e6694,52477,55619,Assembling
f79e6fc3-2075-4b72-b8d6-473f2d2e6694,55619,56495,Looking at guide book
f79e6fc3-2075-4b72-b8d6-473f2d2e6694,56495,57353,Assembling
f79e6fc3-2075-4b72-b8d6-473f2d2e6694,57353,58053,Looking at guide book
f79e6fc3-2075-4b72-b8d6-473f2d2e6694,58053,60346,Searching for pieces
f79e6fc3-2075-4b72-b8d6-473f2d2e6694,60346,61013,Looking at guide book
f79e6fc3-2075-4b72-b8d6-473f2d2e6694,61013,64855,Assembling
f79e6fc3-2075-4b72-b8d6-473f2d2e6694,64855,65372,Looking at guide book
f79e6fc3-2075-4b72-b8d6-473f2d2e6694,65372,66047,Assembling
f79e6fc3-2075-4b72-b8d6-473f2d2e6694,66047,67006,Looking at guide book
f79e6fc3-2075-4b72-b8d6-473f2d2e6694,67006,67231,Assembling
f79e6fc3-2075-4b72-b8d6-473f2d2e6694,67231,69215,Looking at guide book
f79e6fc3-2075-4b72-b8d6-473f2d2e6694,69215,69832,Searching for pieces
f79e6fc3-2075-4b72-b8d6-473f2d2e6694,69832,71699,Looking at guide book
f79e6fc3-2075-4b72-b8d6-473f2d2e6694,71699,72557,Assembling
f79e6fc3-2075-4b72-b8d6-473f2d2e6694,72557,73499,Looking at guide book
f79e6fc3-2075-4b72-b8d6-473f2d2e6694,73499,74508,Assembling
f79e6fc3-2075-4b72-b8d6-473f2d2e6694,74508,75333,Looking at guide book
f79e6fc3-2075-4b72-b8d6-473f2d2e6694,75333,75633,Assembling
f79e6fc3-2075-4b72-b8d6-473f2d2e6694,75633,76758,Looking at guide book
f79e6fc3-2075-4b72-b8d6-473f2d2e6694,76758,77283,Searching for pieces
f79e6fc3-2075-4b72-b8d6-473f2d2e6694,77283,77658,Looking at guide book
f79e6fc3-2075-4b72-b8d6-473f2d2e6694,77658,78417,Searching for pieces
f79e6fc3-2075-4b72-b8d6-473f2d2e6694,78417,78942,Looking at guide book
f79e6fc3-2075-4b72-b8d6-473f2d2e6694,78942,80217,Searching for pieces
f79e6fc3-2075-4b72-b8d6-473f2d2e6694,80217,81401,Assembling
f79e6fc3-2075-4b72-b8d6-473f2d2e6694,81401,81868,Looking at guide book
f79e6fc3-2075-4b72-b8d6-473f2d2e6694,81868,82393,Assembling
f79e6fc3-2075-4b72-b8d6-473f2d2e6694,82393,82768,Looking at guide book
f79e6fc3-2075-4b72-b8d6-473f2d2e6694,82768,85528,Searching for pieces
f79e6fc3-2075-4b72-b8d6-473f2d2e6694,85528,86436,Looking at guide book
f79e6fc3-2075-4b72-b8d6-473f2d2e6694,86436,87270,Searching for pieces
f79e6fc3-2075-4b72-b8d6-473f2d2e6694,87270,87678,Looking at guide book
f79e6fc3-2075-4b72-b8d6-473f2d2e6694,87678,89037,Assembling
f79e6fc3-2075-4b72-b8d6-473f2d2e6694,89037,91288,Looking at guide book
f79e6fc3-2075-4b72-b8d6-473f2d2e6694,91288,91821,Searching for pieces
f79e6fc3-2075-4b72-b8d6-473f2d2e6694,91821,93739,Looking at guide book
f79e6fc3-2075-4b72-b8d6-473f2d2e6694,93739,95481,Assembling
f79e6fc3-2075-4b72-b8d6-473f2d2e6694,95481,96597,Looking at guide book
f79e6fc3-2075-4b72-b8d6-473f2d2e6694,96597,97840,Assembling
f79e6fc3-2075-4b72-b8d6-473f2d2e6694,97840,99332,Looking at guide book
f79e6fc3-2075-4b72-b8d6-473f2d2e6694,99332,100024,Searching for pieces
f79e6fc3-2075-4b72-b8d6-473f2d2e6694,100024,100940,Looking at guide book
f79e6fc3-2075-4b72-b8d6-473f2d2e6694,100940,101216,Assembling
f79e6fc3-2075-4b72-b8d6-473f2d2e6694,101216,102174,Looking at guide book
f79e6fc3-2075-4b72-b8d6-473f2d2e6694,102174,102591,Assembling
f79e6fc3-2075-4b72-b8d6-473f2d2e6694,102591,103208,Looking at guide book
f79e6fc3-2075-4b72-b8d6-473f2d2e6694,103208,103541,Assembling
f79e6fc3-2075-4b72-b8d6-473f2d2e6694,103541,104208,Looking at guide book
f79e6fc3-2075-4b72-b8d6-473f2d2e6694,104208,104942,Assembling
f79e6fc3-2075-4b72-b8d6-473f2d2e6694,104942,107517,Looking at guide book
f79e6fc3-2075-4b72-b8d6-473f2d2e6694,107517,109868,Searching for pieces
f79e6fc3-2075-4b72-b8d6-473f2d2e6694,109868,111185,Looking at guide book
f79e6fc3-2075-4b72-b8d6-473f2d2e6694,111185,112602,Assembling
f79e6fc3-2075-4b72-b8d6-473f2d2e6694,112602,112935,Looking at guide book
f79e6fc3-2075-4b72-b8d6-473f2d2e6694,112935,113336,Assembling
f79e6fc3-2075-4b72-b8d6-473f2d2e6694,113336,117128,Looking at guide book
f79e6fc3-2075-4b72-b8d6-473f2d2e6694,117128,117937,Assembling
f79e6fc3-2075-4b72-b8d6-473f2d2e6694,117937,121246,Looking at guide book
f79e6fc3-2075-4b72-b8d6-473f2d2e6694,121246,122780,Searching for pieces
f79e6fc3-2075-4b72-b8d6-473f2d2e6694,122780,123547,Looking at guide book
f79e6fc3-2075-4b72-b8d6-473f2d2e6694,123547,124189,Assembling
f79e6fc3-2075-4b72-b8d6-473f2d2e6694,124189,125256,Looking at guide book
f79e6fc3-2075-4b72-b8d6-473f2d2e6694,125256,125331,Looking at guide book
f79e6fc3-2075-4b72-b8d6-473f2d2e6694,125331,125689,Assembling
f79e6fc3-2075-4b72-b8d6-473f2d2e6694,125689,126114,Looking at guide book
f79e6fc3-2075-4b72-b8d6-473f2d2e6694,126114,127331,Assembling
f79e6fc3-2075-4b72-b8d6-473f2d2e6694,127331,127806,Looking at guide book
f79e6fc3-2075-4b72-b8d6-473f2d2e6694,127806,129082,Searching for pieces
f79e6fc3-2075-4b72-b8d6-473f2d2e6694,129082,130274,Assembling
f79e6fc3-2075-4b72-b8d6-473f2d2e6694,130274,130840,Looking at guide book
f79e6fc3-2075-4b72-b8d6-473f2d2e6694,130840,131215,Assembling
f79e6fc3-2075-4b72-b8d6-473f2d2e6694,131215,131816,Looking at guide book
f79e6fc3-2075-4b72-b8d6-473f2d2e6694,131816,132266,Assembling
f79e6fc3-2075-4b72-b8d6-473f2d2e6694,132266,132899,Looking at guide book
f79e6fc3-2075-4b72-b8d6-473f2d2e6694,132899,133766,Searching for pieces
f79e6fc3-2075-4b72-b8d6-473f2d2e6694,133766,136267,Assembling
f79e6fc3-2075-4b72-b8d6-473f2d2e6694,136267,136925,Looking at guide book
f79e6fc3-2075-4b72-b8d6-473f2d2e6694,136925,137668,Searching for pieces
f79e6fc3-2075-4b72-b8d6-473f2d2e6694,137668,139351,Assembling
f79e6fc3-2075-4b72-b8d6-473f2d2e6694,139351,140618,Looking at guide book
f79e6fc3-2075-4b72-b8d6-473f2d2e6694,140618,140960,Assembling
f79e6fc3-2075-4b72-b8d6-473f2d2e6694,140960,141035,Assembling
f79e6fc3-2075-4b72-b8d6-473f2d2e6694,141035,141893,Looking at guide book
f79e6fc3-2075-4b72-b8d6-473f2d2e6694,141893,142043,Assembling
f79e6fc3-2075-4b72-b8d6-473f2d2e6694,142043,143327,Looking at guide book
f79e6fc3-2075-4b72-b8d6-473f2d2e6694,143327,143702,Assembling
f79e6fc3-2075-4b72-b8d6-473f2d2e6694,143702,144619,Looking at guide book
f79e6fc3-2075-4b72-b8d6-473f2d2e6694,144619,145194,Searching for pieces
f79e6fc3-2075-4b72-b8d6-473f2d2e6694,145194,146295,Looking at guide book
f79e6fc3-2075-4b72-b8d6-473f2d2e6694,146295,146895,Assembling
f79e6fc3-2075-4b72-b8d6-473f2d2e6694,146895,147495,Looking at guide book
f79e6fc3-2075-4b72-b8d6-473f2d2e6694,147495,149554,Assembling
f79e6fc3-2075-4b72-b8d6-473f2d2e6694,149554,150563,Looking at guide book
f79e6fc3-2075-4b72-b8d6-473f2d2e6694,150563,151554,Searching for pieces
f79e6fc3-2075-4b72-b8d6-473f2d2e6694,151554,152638,Looking at guide book
f79e6fc3-2075-4b72-b8d6-473f2d2e6694,152638,152713,Looking at guide book
f79e6fc3-2075-4b72-b8d6-473f2d2e6694,152713,153013,Assembling
f79e6fc3-2075-4b72-b8d6-473f2d2e6694,153013,154088,Looking at guide book
f79e6fc3-2075-4b72-b8d6-473f2d2e6694,154088,155106,Assembling
f79e6fc3-2075-4b72-b8d6-473f2d2e6694,155106,155589,Looking at guide book
f79e6fc3-2075-4b72-b8d6-473f2d2e6694,155589,155964,Assembling
f79e6fc3-2075-4b72-b8d6-473f2d2e6694,155964,160665,Searching for pieces
f79e6fc3-2075-4b72-b8d6-473f2d2e6694,160665,160965,Looking at guide book
f79e6fc3-2075-4b72-b8d6-473f2d2e6694,160965,161649,Searching for pieces
f79e6fc3-2075-4b72-b8d6-473f2d2e6694,161649,162316,Looking at guide book
f79e6fc3-2075-4b72-b8d6-473f2d2e6694,162316,164616,Searching for pieces
f79e6fc3-2075-4b72-b8d6-473f2d2e6694,164616,166492,Assembling
f79e6fc3-2075-4b72-b8d6-473f2d2e6694,166492,167326,Looking at guide book
f79e6fc3-2075-4b72-b8d6-473f2d2e6694,167326,167626,Assembling
f79e6fc3-2075-4b72-b8d6-473f2d2e6694,167626,170518,Looking at guide book
f79e6fc3-2075-4b72-b8d6-473f2d2e6694,170518,172360,Searching for pieces
f79e6fc3-2075-4b72-b8d6-473f2d2e6694,172360,174094,Looking at guide book
f79e6fc3-2075-4b72-b8d6-473f2d2e6694,174094,174478,Assembling
f79e6fc3-2075-4b72-b8d6-473f2d2e6694,174478,175386,Looking at guide book
f79e6fc3-2075-4b72-b8d6-473f2d2e6694,175386,176136,Assembling
f79e6fc3-2075-4b72-b8d6-473f2d2e6694,176136,177387,Looking at guide book
f79e6fc3-2075-4b72-b8d6-473f2d2e6694,177387,180663,Searching for pieces
f79e6fc3-2075-4b72-b8d6-473f2d2e6694,180663,181113,Assembling
f79e6fc3-2075-4b72-b8d6-473f2d2e6694,181113,182130,Searching for pieces
f79e6fc3-2075-4b72-b8d6-473f2d2e6694,182130,182730,Assembling
f79e6fc3-2075-4b72-b8d6-473f2d2e6694,182730,183631,Looking at guide book
f79e6fc3-2075-4b72-b8d6-473f2d2e6694,183631,184372,Assembling
f79e6fc3-2075-4b72-b8d6-473f2d2e6694,184372,184522,Looking at guide book
f79e6fc3-2075-4b72-b8d6-473f2d2e6694,184522,185456,Assembling
f79e6fc3-2075-4b72-b8d6-473f2d2e6694,185456,186640,Looking at guide book
f79e6fc3-2075-4b72-b8d6-473f2d2e6694,186640,187257,Searching for pieces
f79e6fc3-2075-4b72-b8d6-473f2d2e6694,187257,190908,Looking at guide book
f79e6fc3-2075-4b72-b8d6-473f2d2e6694,190908,191975,Searching for pieces
f79e6fc3-2075-4b72-b8d6-473f2d2e6694,191975,193692,Looking at guide book
f79e6fc3-2075-4b72-b8d6-473f2d2e6694,193692,198918,Assembling
f79e6fc3-2075-4b72-b8d6-473f2d2e6694,198918,200860,Looking at guide book
f79e6fc3-2075-4b72-b8d6-473f2d2e6694,200860,202386,Searching for pieces
f79e6fc3-2075-4b72-b8d6-473f2d2e6694,202386,210371,Assembling
f79e6fc3-2075-4b72-b8d6-473f2d2e6694,210371,210671,Looking at guide book
f79e6fc3-2075-4b72-b8d6-473f2d2e6694,210671,211046,Assembling
f79e6fc3-2075-4b72-b8d6-473f2d2e6694,211046,212572,Looking at guide book
f79e6fc3-2075-4b72-b8d6-473f2d2e6694,212572,212872,Assembling
f79e6fc3-2075-4b72-b8d6-473f2d2e6694,212872,214022,Looking at guide book
f79e6fc3-2075-4b72-b8d6-473f2d2e6694,214022,214472,Assembling
f79e6fc3-2075-4b72-b8d6-473f2d2e6694,214472,215447,Looking at guide book
f79e6fc3-2075-4b72-b8d6-473f2d2e6694,215447,215864,Assembling
f79e6fc3-2075-4b72-b8d6-473f2d2e6694,215864,216706,Looking at guide book
f79e6fc3-2075-4b72-b8d6-473f2d2e6694,216706,217873,Assembling
f79e6fc3-2075-4b72-b8d6-473f2d2e6694,217873,218698,Looking at guide book
f79e6fc3-2075-4b72-b8d6-473f2d2e6694,218698,219240,Assembling
f79e6fc3-2075-4b72-b8d6-473f2d2e6694,219240,222258,Looking at guide book
f79e6fc3-2075-4b72-b8d6-473f2d2e6694,222258,222816,Assembling
f79e6fc3-2075-4b72-b8d6-473f2d2e6694,222816,223658,Looking at guide book
f79e6fc3-2075-4b72-b8d6-473f2d2e6694,223658,224483,Searching for pieces
f79e6fc3-2075-4b72-b8d6-473f2d2e6694,224483,226342,Looking at guide book
f79e6fc3-2075-4b72-b8d6-473f2d2e6694,226342,226884,Assembling
f79e6fc3-2075-4b72-b8d6-473f2d2e6694,226884,227601,Looking at guide book
f79e6fc3-2075-4b72-b8d6-473f2d2e6694,227601,228451,Assembling
f79e6fc3-2075-4b72-b8d6-473f2d2e6694,228451,229452,Searching for pieces
f79e6fc3-2075-4b72-b8d6-473f2d2e6694,229452,229977,Assembling
f79e6fc3-2075-4b72-b8d6-473f2d2e6694,229977,231494,Searching for pieces
f79e6fc3-2075-4b72-b8d6-473f2d2e6694,231494,232994,Looking at guide book
f79e6fc3-2075-4b72-b8d6-473f2d2e6694,232994,233636,Assembling
f79e6fc3-2075-4b72-b8d6-473f2d2e6694,233636,235045,Looking at guide book
f79e6fc3-2075-4b72-b8d6-473f2d2e6694,235045,235362,Assembling
f79e6fc3-2075-4b72-b8d6-473f2d2e6694,235362,236070,Searching for pieces
f79e6fc3-2075-4b72-b8d6-473f2d2e6694,236070,236370,Assembling
f79e6fc3-2075-4b72-b8d6-473f2d2e6694,236370,237045,Looking at guide book
f79e6fc3-2075-4b72-b8d6-473f2d2e6694,237045,242464,Assembling
f79e6fc3-2075-4b72-b8d6-473f2d2e6694,242464,242839,Searching for pieces
f79e6fc3-2075-4b72-b8d6-473f2d2e6694,242839,243064,Assembling
f79e6fc3-2075-4b72-b8d6-473f2d2e6694,243064,243939,Looking at guide book
f79e6fc3-2075-4b72-b8d6-473f2d2e6694,243939,245131,Searching for pieces
f79e6fc3-2075-4b72-b8d6-473f2d2e6694,245131,255026,Assembling
f79e6fc3-2075-4b72-b8d6-473f2d2e6694,255026,255617,Looking at guide book
f79e6fc3-2075-4b72-b8d6-473f2d2e6694,255617,256326,Assembling
f79e6fc3-2075-4b72-b8d6-473f2d2e6694,256326,257551,Looking at guide book
f79e6fc3-2075-4b72-b8d6-473f2d2e6694,257551,257926,Assembling
f79e6fc3-2075-4b72-b8d6-473f2d2e6694,257926,259794,Looking at guide book
f79e6fc3-2075-4b72-b8d6-473f2d2e6694,259794,260410,Searching for pieces
f79e6fc3-2075-4b72-b8d6-473f2d2e6694,260410,261286,Looking at guide book
f79e6fc3-2075-4b72-b8d6-473f2d2e6694,261286,261744,Assembling
f79e6fc3-2075-4b72-b8d6-473f2d2e6694,261744,262044,Looking at guide book
f79e6fc3-2075-4b72-b8d6-473f2d2e6694,262044,262869,Looking at guide book
f79e6fc3-2075-4b72-b8d6-473f2d2e6694,262869,263153,Assembling
f79e6fc3-2075-4b72-b8d6-473f2d2e6694,263153,264728,Looking at guide book
f79e6fc3-2075-4b72-b8d6-473f2d2e6694,264728,265812,Assembling
f79e6fc3-2075-4b72-b8d6-473f2d2e6694,265812,267454,Looking at guide book
f79e6fc3-2075-4b72-b8d6-473f2d2e6694,267454,268054,Assembling
f79e6fc3-2075-4b72-b8d6-473f2d2e6694,268054,268804,Looking at guide book
f79e6fc3-2075-4b72-b8d6-473f2d2e6694,268804,269479,Assembling
f79e6fc3-2075-4b72-b8d6-473f2d2e6694,269479,270079,Looking at guide book
f79e6fc3-2075-4b72-b8d6-473f2d2e6694,270079,270229,Assembling
f79e6fc3-2075-4b72-b8d6-473f2d2e6694,270229,270829,Looking at guide book
f79e6fc3-2075-4b72-b8d6-473f2d2e6694,270829,271822,Looking at guide book
f79e6fc3-2075-4b72-b8d6-473f2d2e6694,271822,272047,Searching for pieces
f79e6fc3-2075-4b72-b8d6-473f2d2e6694,272047,273356,Looking at guide book
f79e6fc3-2075-4b72-b8d6-473f2d2e6694,273356,274448,Assembling
f79e6fc3-2075-4b72-b8d6-473f2d2e6694,274448,275715,Looking at guide book
f79e6fc3-2075-4b72-b8d6-473f2d2e6694,275715,276156,Assembling
f79e6fc3-2075-4b72-b8d6-473f2d2e6694,276156,280274,Looking at guide book
f79e6fc3-2075-4b72-b8d6-473f2d2e6694,280274,280983,Searching for pieces
f79e6fc3-2075-4b72-b8d6-473f2d2e6694,280983,281658,Looking at guide book
f79e6fc3-2075-4b72-b8d6-473f2d2e6694,281658,282033,Assembling
f79e6fc3-2075-4b72-b8d6-473f2d2e6694,282033,285542,Looking at guide book
f79e6fc3-2075-4b72-b8d6-473f2d2e6694,285542,287085,Assembling
f79e6fc3-2075-4b72-b8d6-473f2d2e6694,287085,287910,Looking at guide book
f79e6fc3-2075-4b72-b8d6-473f2d2e6694,287910,288210,Searching for pieces
f79e6fc3-2075-4b72-b8d6-473f2d2e6694,288210,288735,Assembling
f79e6fc3-2075-4b72-b8d6-473f2d2e6694,288735,289410,Looking at guide book
f79e6fc3-2075-4b72-b8d6-473f2d2e6694,289410,290861,Searching for pieces
f79e6fc3-2075-4b72-b8d6-473f2d2e6694,290861,291086,Assembling
f79e6fc3-2075-4b72-b8d6-473f2d2e6694,291086,291686,Looking at guide book
f79e6fc3-2075-4b72-b8d6-473f2d2e6694,291686,294020,Assembling
f79e6fc3-2075-4b72-b8d6-473f2d2e6694,294020,295987,Searching for pieces
f79e6fc3-2075-4b72-b8d6-473f2d2e6694,295987,296362,Assembling
f79e6fc3-2075-4b72-b8d6-473f2d2e6694,296362,297337,Looking at guide book
f79e6fc3-2075-4b72-b8d6-473f2d2e6694,297337,301155,Assembling
f79e6fc3-2075-4b72-b8d6-473f2d2e6694,301155,302714,Looking at guide book
f79e6fc3-2075-4b72-b8d6-473f2d2e6694,302714,303431,Assembling
f79e6fc3-2075-4b72-b8d6-473f2d2e6694,303431,304523,Looking at guide book
f79e6fc3-2075-4b72-b8d6-473f2d2e6694,304523,304940,Assembling
f79e6fc3-2075-4b72-b8d6-473f2d2e6694,304940,305565,Looking at guide book
f79e6fc3-2075-4b72-b8d6-473f2d2e6694,305565,306465,Assembling
f79e6fc3-2075-4b72-b8d6-473f2d2e6694,306465,307565,Looking at guide book
f79e6fc3-2075-4b72-b8d6-473f2d2e6694,307565,307899,Assembling
f79e6fc3-2075-4b72-b8d6-473f2d2e6694,307899,308949,Looking at guide book
f79e6fc3-2075-4b72-b8d6-473f2d2e6694,308949,309174,Searching for pieces
f79e6fc3-2075-4b72-b8d6-473f2d2e6694,309174,310158,Looking at guide book
f79e6fc3-2075-4b72-b8d6-473f2d2e6694,310158,310541,Searching for pieces
f79e6fc3-2075-4b72-b8d6-473f2d2e6694,310541,312200,Looking at guide book
f79e6fc3-2075-4b72-b8d6-473f2d2e6694,312200,312825,Assembling
f79e6fc3-2075-4b72-b8d6-473f2d2e6694,312825,313600,Looking at guide book
f79e6fc3-2075-4b72-b8d6-473f2d2e6694,313600,314234,Assembling
f79e6fc3-2075-4b72-b8d6-473f2d2e6694,314234,315001,Looking at guide book
f79e6fc3-2075-4b72-b8d6-473f2d2e6694,315001,315334,Assembling
f79e6fc3-2075-4b72-b8d6-473f2d2e6694,315334,316534,Looking at guide book
f79e6fc3-2075-4b72-b8d6-473f2d2e6694,316534,316984,Assembling
f79e6fc3-2075-4b72-b8d6-473f2d2e6694,316984,317134,Looking at guide book
f79e6fc3-2075-4b72-b8d6-473f2d2e6694,317134,318352,Searching for pieces
f79e6fc3-2075-4b72-b8d6-473f2d2e6694,318352,319527,Looking at guide book
f79e6fc3-2075-4b72-b8d6-473f2d2e6694,319527,320169,Assembling
f79e6fc3-2075-4b72-b8d6-473f2d2e6694,320169,321636,Looking at guide book
f79e6fc3-2075-4b72-b8d6-473f2d2e6694,321636,324078,Assembling
f79e6fc3-2075-4b72-b8d6-473f2d2e6694,324078,326254,Searching for pieces
f79e6fc3-2075-4b72-b8d6-473f2d2e6694,326254,326329,Searching for pieces
f79e6fc3-2075-4b72-b8d6-473f2d2e6694,326329,327096,Looking at guide book
f79e6fc3-2075-4b72-b8d6-473f2d2e6694,327096,328254,Assembling
f79e6fc3-2075-4b72-b8d6-473f2d2e6694,328254,329004,Looking at guide book
f79e6fc3-2075-4b72-b8d6-473f2d2e6694,329004,330347,Assembling
f79e6fc3-2075-4b72-b8d6-473f2d2e6694,330347,330964,Looking at guide book
f79e6fc3-2075-4b72-b8d6-473f2d2e6694,330964,331464,Assembling
f79e6fc3-2075-4b72-b8d6-473f2d2e6694,331464,338232,Looking at guide book
f79e6fc3-2075-4b72-b8d6-473f2d2e6694,338232,339699,Searching for pieces
f79e6fc3-2075-4b72-b8d6-473f2d2e6694,339699,340491,Looking at guide book
f79e6fc3-2075-4b72-b8d6-473f2d2e6694,340491,341000,Searching for pieces
f79e6fc3-2075-4b72-b8d6-473f2d2e6694,341000,341466,Looking at guide book
f79e6fc3-2075-4b72-b8d6-473f2d2e6694,341466,342342,Searching for pieces
f79e6fc3-2075-4b72-b8d6-473f2d2e6694,342342,343509,Looking at guide book
f79e6fc3-2075-4b72-b8d6-473f2d2e6694,343509,343867,Assembling
f79e6fc3-2075-4b72-b8d6-473f2d2e6694,343867,344392,Looking at guide book
f79e6fc3-2075-4b72-b8d6-473f2d2e6694,344392,346360,Searching for pieces
f79e6fc3-2075-4b72-b8d6-473f2d2e6694,346360,348210,Looking at guide book
f79e6fc3-2075-4b72-b8d6-473f2d2e6694,348210,348577,Assembling
f79e6fc3-2075-4b72-b8d6-473f2d2e6694,348577,349252,Looking at guide book
f79e6fc3-2075-4b72-b8d6-473f2d2e6694,349252,350469,Assembling
f79e6fc3-2075-4b72-b8d6-473f2d2e6694,350469,351219,Looking at guide book
f79e6fc3-2075-4b72-b8d6-473f2d2e6694,351219,351978,Searching for pieces
f79e6fc3-2075-4b72-b8d6-473f2d2e6694,351978,352653,Looking at guide book
f79e6fc3-2075-4b72-b8d6-473f2d2e6694,352653,352878,Assembling
f79e6fc3-2075-4b72-b8d6-473f2d2e6694,352878,356496,Looking at guide book
f79e6fc3-2075-4b72-b8d6-473f2d2e6694,356496,356837,Searching for pieces
f79e6fc3-2075-4b72-b8d6-473f2d2e6694,356837,357229,Assembling
f79e6fc3-2075-4b72-b8d6-473f2d2e6694,357229,358296,Looking at guide book
f79e6fc3-2075-4b72-b8d6-473f2d2e6694,358296,359038,Assembling
f79e6fc3-2075-4b72-b8d6-473f2d2e6694,359038,361330,Looking at guide book
f79e6fc3-2075-4b72-b8d6-473f2d2e6694,361330,362189,Assembling
f79e6fc3-2075-4b72-b8d6-473f2d2e6694,362189,363373,Looking at guide book
f79e6fc3-2075-4b72-b8d6-473f2d2e6694,363373,364106,Assembling
f79e6fc3-2075-4b72-b8d6-473f2d2e6694,364106,365357,Looking at guide book
f79e6fc3-2075-4b72-b8d6-473f2d2e6694,365357,366198,Assembling
f79e6fc3-2075-4b72-b8d6-473f2d2e6694,366198,366940,Looking at guide book
f79e6fc3-2075-4b72-b8d6-473f2d2e6694,366940,368982,Assembling
f79e6fc3-2075-4b72-b8d6-473f2d2e6694,368982,369341,Looking at guide book
f79e6fc3-2075-4b72-b8d6-473f2d2e6694,369341,369791,Assembling
f79e6fc3-2075-4b72-b8d6-473f2d2e6694,369791,370625,Looking at guide book
f79e6fc3-2075-4b72-b8d6-473f2d2e6694,370625,373600,Looking at guide book
f79e6fc3-2075-4b72-b8d6-473f2d2e6694,373600,374709,Searching for pieces
f79e6fc3-2075-4b72-b8d6-473f2d2e6694,374709,375426,Looking at guide book
f79e6fc3-2075-4b72-b8d6-473f2d2e6694,375426,376418,Searching for pieces
f79e6fc3-2075-4b72-b8d6-473f2d2e6694,376418,376885,Looking at guide book
f79e6fc3-2075-4b72-b8d6-473f2d2e6694,376885,377702,Searching for pieces
f79e6fc3-2075-4b72-b8d6-473f2d2e6694,377702,378869,Looking at guide book
f79e6fc3-2075-4b72-b8d6-473f2d2e6694,378869,379169,Assembling
f79e6fc3-2075-4b72-b8d6-473f2d2e6694,379169,380161,Looking at guide book
f79e6fc3-2075-4b72-b8d6-473f2d2e6694,380161,381686,Assembling
f79e6fc3-2075-4b72-b8d6-473f2d2e6694,381686,383045,Looking at guide book
f79e6fc3-2075-4b72-b8d6-473f2d2e6694,383045,383945,Assembling
f79e6fc3-2075-4b72-b8d6-473f2d2e6694,383945,384412,Looking at guide book
f79e6fc3-2075-4b72-b8d6-473f2d2e6694,384412,384937,Assembling
f79e6fc3-2075-4b72-b8d6-473f2d2e6694,384937,385987,Looking at guide book
f79e6fc3-2075-4b72-b8d6-473f2d2e6694,385987,386979,Assembling
f79e6fc3-2075-4b72-b8d6-473f2d2e6694,386979,387879,Looking at guide book
f79e6fc3-2075-4b72-b8d6-473f2d2e6694,387879,388104,Assembling
f79e6fc3-2075-4b72-b8d6-473f2d2e6694,388104,389572,Looking at guide book
f79e6fc3-2075-4b72-b8d6-473f2d2e6694,389572,390264,Assembling
f79e6fc3-2075-4b72-b8d6-473f2d2e6694,390264,392890,Looking at guide book
f79e6fc3-2075-4b72-b8d6-473f2d2e6694,392890,393340,Assembling
f79e6fc3-2075-4b72-b8d6-473f2d2e6694,393340,395474,Looking at guide book
f79e6fc3-2075-4b72-b8d6-473f2d2e6694,395474,396315,Assembling
f79e6fc3-2075-4b72-b8d6-473f2d2e6694,396315,397157,Looking at guide book
f79e6fc3-2075-4b72-b8d6-473f2d2e6694,397157,397724,Assembling
f79e6fc3-2075-4b72-b8d6-473f2d2e6694,397724,398324,Looking at guide book
f79e6fc3-2075-4b72-b8d6-473f2d2e6694,398324,401192,Assembling
f79e6fc3-2075-4b72-b8d6-473f2d2e6694,401192,402159,Looking at guide book
f79e6fc3-2075-4b72-b8d6-473f2d2e6694,402159,402684,Assembling
f79e6fc3-2075-4b72-b8d6-473f2d2e6694,402684,403226,Looking at guide book
f79e6fc3-2075-4b72-b8d6-473f2d2e6694,403226,403601,Assembling
f79e6fc3-2075-4b72-b8d6-473f2d2e6694,403601,404251,Looking at guide book
f79e6fc3-2075-4b72-b8d6-473f2d2e6694,404251,404926,Assembling
f79e6fc3-2075-4b72-b8d6-473f2d2e6694,404926,406993,Looking at guide book
f79e6fc3-2075-4b72-b8d6-473f2d2e6694,406993,407835,Searching for pieces
f79e6fc3-2075-4b72-b8d6-473f2d2e6694,407835,408527,Looking at guide book
f79e6fc3-2075-4b72-b8d6-473f2d2e6694,408527,409052,Assembling
f79e6fc3-2075-4b72-b8d6-473f2d2e6694,409052,410128,Looking at guide book
f79e6fc3-2075-4b72-b8d6-473f2d2e6694,410128,411645,Assembling
f79e6fc3-2075-4b72-b8d6-473f2d2e6694,411645,412428,Looking at guide book
f79e6fc3-2075-4b72-b8d6-473f2d2e6694,412428,413520,Assembling
f79e6fc3-2075-4b72-b8d6-473f2d2e6694,413520,414662,Searching for pieces
f79e6fc3-2075-4b72-b8d6-473f2d2e6694,414662,417171,Assembling
f79e6fc3-2075-4b72-b8d6-473f2d2e6694,417171,418071,Looking at guide book
f79e6fc3-2075-4b72-b8d6-473f2d2e6694,418071,419297,Searching for pieces
f79e6fc3-2075-4b72-b8d6-473f2d2e6694,419297,420164,Looking at guide book
f79e6fc3-2075-4b72-b8d6-473f2d2e6694,420164,421306,Searching for pieces
f79e6fc3-2075-4b72-b8d6-473f2d2e6694,421306,421906,Looking at guide book
f79e6fc3-2075-4b72-b8d6-473f2d2e6694,421906,424924,Searching for pieces
f79e6fc3-2075-4b72-b8d6-473f2d2e6694,424924,427324,Looking at guide book
f79e6fc3-2075-4b72-b8d6-473f2d2e6694,427324,427624,Assembling
f79e6fc3-2075-4b72-b8d6-473f2d2e6694,427624,428491,Looking at guide book
f79e6fc3-2075-4b72-b8d6-473f2d2e6694,428491,429091,Assembling
f79e6fc3-2075-4b72-b8d6-473f2d2e6694,429091,430600,Looking at guide book
f79e6fc3-2075-4b72-b8d6-473f2d2e6694,430600,431125,Assembling
f79e6fc3-2075-4b72-b8d6-473f2d2e6694,431125,431984,Looking at guide book
f79e6fc3-2075-4b72-b8d6-473f2d2e6694,431984,432901,Assembling
f79e6fc3-2075-4b72-b8d6-473f2d2e6694,432901,433951,Looking at guide book
f79e6fc3-2075-4b72-b8d6-473f2d2e6694,433951,434626,Assembling
f79e6fc3-2075-4b72-b8d6-473f2d2e6694,434626,434926,Looking at guide book
f79e6fc3-2075-4b72-b8d6-473f2d2e6694,434926,439528,Assembling
f79e6fc3-2075-4b72-b8d6-473f2d2e6694,439528,442328,Looking at guide book
f79e6fc3-2075-4b72-b8d6-473f2d2e6694,442328,443120,Assembling
f79e6fc3-2075-4b72-b8d6-473f2d2e6694,443120,443654,Looking at guide book
f79e6fc3-2075-4b72-b8d6-473f2d2e6694,443654,445188,Assembling
f79e6fc3-2075-4b72-b8d6-473f2d2e6694,445188,445896,Looking at guide book
f79e6fc3-2075-4b72-b8d6-473f2d2e6694,445896,451648,Assembling
f79e6fc3-2075-4b72-b8d6-473f2d2e6694,451648,452265,Looking at guide book
f79e6fc3-2075-4b72-b8d6-473f2d2e6694,452265,452865,Assembling
f79e6fc3-2075-4b72-b8d6-473f2d2e6694,452865,453990,Looking at guide book
f79e6fc3-2075-4b72-b8d6-473f2d2e6694,453990,456499,Assembling
f79e6fc3-2075-4b72-b8d6-473f2d2e6694,456499,457741,Looking at guide book
f79e6fc3-2075-4b72-b8d6-473f2d2e6694,457741,458100,Assembling
f79e6fc3-2075-4b72-b8d6-473f2d2e6694,458100,462067,Looking at guide book
f79e6fc3-2075-4b72-b8d6-473f2d2e6694,462067,462934,Searching for pieces
f79e6fc3-2075-4b72-b8d6-473f2d2e6694,462934,463809,Looking at guide book
f79e6fc3-2075-4b72-b8d6-473f2d2e6694,463809,465527,Assembling
f79e6fc3-2075-4b72-b8d6-473f2d2e6694,465527,466769,Looking at guide book
f79e6fc3-2075-4b72-b8d6-473f2d2e6694,466769,469011,Assembling
f79e6fc3-2075-4b72-b8d6-473f2d2e6694,469011,470044,Looking at guide book
f79e6fc3-2075-4b72-b8d6-473f2d2e6694,470044,470778,Searching for pieces
f79e6fc3-2075-4b72-b8d6-473f2d2e6694,470778,471153,Looking at guide book
f79e6fc3-2075-4b72-b8d6-473f2d2e6694,471153,472203,Assembling
f79e6fc3-2075-4b72-b8d6-473f2d2e6694,472203,472979,Looking at guide book
f79e6fc3-2075-4b72-b8d6-473f2d2e6694,472979,473637,Assembling
f79e6fc3-2075-4b72-b8d6-473f2d2e6694,473637,474779,Looking at guide book
f79e6fc3-2075-4b72-b8d6-473f2d2e6694,474779,474854,Looking at guide book
f79e6fc3-2075-4b72-b8d6-473f2d2e6694,474854,476371,Assembling
f79e6fc3-2075-4b72-b8d6-473f2d2e6694,476371,479981,Looking at guide book
f79e6fc3-2075-4b72-b8d6-473f2d2e6694,479981,488725,Assembling
f79e6fc3-2075-4b72-b8d6-473f2d2e6694,488725,489858,Looking at guide book
f79e6fc3-2075-4b72-b8d6-473f2d2e6694,489858,490075,Assembling
f79e6fc3-2075-4b72-b8d6-473f2d2e6694,490075,491059,Looking at guide book
f79e6fc3-2075-4b72-b8d6-473f2d2e6694,491059,499136,Assembling
f79e6fc3-2075-4b72-b8d6-473f2d2e6694,499136,500778,Looking at guide book
f79e6fc3-2075-4b72-b8d6-473f2d2e6694,500778,501878,Searching for pieces
f79e6fc3-2075-4b72-b8d6-473f2d2e6694,501878,506547,Looking at guide book
f79e6fc3-2075-4b72-b8d6-473f2d2e6694,506547,510689,Searching for pieces
f79e6fc3-2075-4b72-b8d6-473f2d2e6694,510689,512348,Looking at guide book
f79e6fc3-2075-4b72-b8d6-473f2d2e6694,512348,512848,Assembling
f79e6fc3-2075-4b72-b8d6-473f2d2e6694,512848,513748,Looking at guide book
f79e6fc3-2075-4b72-b8d6-473f2d2e6694,513748,514215,Assembling
f79e6fc3-2075-4b72-b8d6-473f2d2e6694,514215,514982,Looking at guide book
f79e6fc3-2075-4b72-b8d6-473f2d2e6694,514982,516199,Assembling
f79e6fc3-2075-4b72-b8d6-473f2d2e6694,516199,517591,Looking at guide book
f79e6fc3-2075-4b72-b8d6-473f2d2e6694,517591,518650,Assembling
f79e6fc3-2075-4b72-b8d6-473f2d2e6694,518650,520817,Looking at guide book
f79e6fc3-2075-4b72-b8d6-473f2d2e6694,520817,521768,Assembling
f79e6fc3-2075-4b72-b8d6-473f2d2e6694,521768,522184,Assembling
f79e6fc3-2075-4b72-b8d6-473f2d2e6694,522184,523243,Looking at guide book
f79e6fc3-2075-4b72-b8d6-473f2d2e6694,523243,526235,Assembling
f79e6fc3-2075-4b72-b8d6-473f2d2e6694,526235,528853,Looking at guide book
f79e6fc3-2075-4b72-b8d6-473f2d2e6694,528853,531887,Looking at guide book
f79e6fc3-2075-4b72-b8d6-473f2d2e6694,531887,533029,Searching for pieces
f79e6fc3-2075-4b72-b8d6-473f2d2e6694,533029,533554,Assembling
f79e6fc3-2075-4b72-b8d6-473f2d2e6694,533554,534696,Looking at guide book
f79e6fc3-2075-4b72-b8d6-473f2d2e6694,534696,535146,Searching for pieces
f79e6fc3-2075-4b72-b8d6-473f2d2e6694,535146,536346,Looking at guide book
f79e6fc3-2075-4b72-b8d6-473f2d2e6694,536346,537846,Searching for pieces
f79e6fc3-2075-4b72-b8d6-473f2d2e6694,537846,539489,Assembling
f79e6fc3-2075-4b72-b8d6-473f2d2e6694,539489,540506,Looking at guide book
f79e6fc3-2075-4b72-b8d6-473f2d2e6694,540506,540948,Assembling
f79e6fc3-2075-4b72-b8d6-473f2d2e6694,540948,541740,Looking at guide book
f79e6fc3-2075-4b72-b8d6-473f2d2e6694,541740,542932,Assembling
f79e6fc3-2075-4b72-b8d6-473f2d2e6694,542932,543398,Looking at guide book
f79e6fc3-2075-4b72-b8d6-473f2d2e6694,543398,545649,Assembling
f79e6fc3-2075-4b72-b8d6-473f2d2e6694,545649,546174,Looking at guide book
f79e6fc3-2075-4b72-b8d6-473f2d2e6694,546174,550892,Assembling
f79e6fc3-2075-4b72-b8d6-473f2d2e6694,550892,553318,Looking at guide book
f79e6fc3-2075-4b72-b8d6-473f2d2e6694,553318,553693,Searching for pieces
f79e6fc3-2075-4b72-b8d6-473f2d2e6694,553693,554368,Looking at guide book
f79e6fc3-2075-4b72-b8d6-473f2d2e6694,554368,554593,Assembling
f79e6fc3-2075-4b72-b8d6-473f2d2e6694,554593,555794,Searching for pieces
f79e6fc3-2075-4b72-b8d6-473f2d2e6694,555794,557394,Looking at guide book
f79e6fc3-2075-4b72-b8d6-473f2d2e6694,557394,558594,Assembling
f79e6fc3-2075-4b72-b8d6-473f2d2e6694,558594,560544,Looking at guide book
f79e6fc3-2075-4b72-b8d6-473f2d2e6694,560544,560919,Searching for pieces
f79e6fc3-2075-4b72-b8d6-473f2d2e6694,560919,561594,Looking at guide book
f79e6fc3-2075-4b72-b8d6-473f2d2e6694,561594,562954,Searching for pieces
f79e6fc3-2075-4b72-b8d6-473f2d2e6694,562954,563496,Looking at guide book
f79e6fc3-2075-4b72-b8d6-473f2d2e6694,563496,564196,Searching for pieces
f79e6fc3-2075-4b72-b8d6-473f2d2e6694,564196,565163,Looking at guide book
f79e6fc3-2075-4b72-b8d6-473f2d2e6694,565163,565680,Searching for pieces
f79e6fc3-2075-4b72-b8d6-473f2d2e6694,565680,566538,Looking at guide book
f79e6fc3-2075-4b72-b8d6-473f2d2e6694,566538,568539,Searching for pieces
f79e6fc3-2075-4b72-b8d6-473f2d2e6694,568539,570723,Looking at guide book
f79e6fc3-2075-4b72-b8d6-473f2d2e6694,570723,570948,Assembling
f79e6fc3-2075-4b72-b8d6-473f2d2e6694,570948,571623,Looking at guide book
f79e6fc3-2075-4b72-b8d6-473f2d2e6694,571623,572073,Assembling
f79e6fc3-2075-4b72-b8d6-473f2d2e6694,572073,573432,Looking at guide book
f79e6fc3-2075-4b72-b8d6-473f2d2e6694,573432,573807,Assembling
f79e6fc3-2075-4b72-b8d6-473f2d2e6694,573807,574499,Looking at guide book
f79e6fc3-2075-4b72-b8d6-473f2d2e6694,574499,574724,Assembling
f79e6fc3-2075-4b72-b8d6-473f2d2e6694,574724,575908,Looking at guide book
f79e6fc3-2075-4b72-b8d6-473f2d2e6694,575908,578100,Assembling
f79e6fc3-2075-4b72-b8d6-473f2d2e6694,578100,578800,Looking at guide book
f79e6fc3-2075-4b72-b8d6-473f2d2e6694,578800,581726,Assembling
f79e6fc3-2075-4b72-b8d6-473f2d2e6694,581726,582835,Looking at guide book
f79e6fc3-2075-4b72-b8d6-473f2d2e6694,582835,583351,Searching for pieces
f79e6fc3-2075-4b72-b8d6-473f2d2e6694,583351,584644,Assembling
f79e6fc3-2075-4b72-b8d6-473f2d2e6694,584644,584719,Assembling
f79e6fc3-2075-4b72-b8d6-473f2d2e6694,584719,585244,Looking at guide book
f79e6fc3-2075-4b72-b8d6-473f2d2e6694,585244,587294,Assembling
f79e6fc3-2075-4b72-b8d6-473f2d2e6694,587294,588978,Looking at guide book
f79e6fc3-2075-4b72-b8d6-473f2d2e6694,588978,589278,Assembling
f79e6fc3-2075-4b72-b8d6-473f2d2e6694,589278,593463,Looking at guide book
f79e6fc3-2075-4b72-b8d6-473f2d2e6694,593463,594521,Searching for pieces
f79e6fc3-2075-4b72-b8d6-473f2d2e6694,594521,595872,Looking at guide book
f79e6fc3-2075-4b72-b8d6-473f2d2e6694,595872,596647,Assembling
f79e6fc3-2075-4b72-b8d6-473f2d2e6694,596647,597814,Looking at guide book
f79e6fc3-2075-4b72-b8d6-473f2d2e6694,597814,598481,Assembling
f79e6fc3-2075-4b72-b8d6-473f2d2e6694,598481,599348,Looking at guide book
f79e6fc3-2075-4b72-b8d6-473f2d2e6694,599348,599906,Assembling
f79e6fc3-2075-4b72-b8d6-473f2d2e6694,599906,600715,Looking at guide book
f79e6fc3-2075-4b72-b8d6-473f2d2e6694,600715,601307,Assembling
f79e6fc3-2075-4b72-b8d6-473f2d2e6694,601307,601749,Looking at guide book
f79e6fc3-2075-4b72-b8d6-473f2d2e6694,601749,602515,Searching for pieces
f79e6fc3-2075-4b72-b8d6-473f2d2e6694,602515,604800,Assembling
f79e6fc3-2075-4b72-b8d6-473f2d2e6694,604800,606575,Looking at guide book
f79e6fc3-2075-4b72-b8d6-473f2d2e6694,606575,607492,Searching for pieces
f79e6fc3-2075-4b72-b8d6-473f2d2e6694,607492,608417,Looking at guide book
f79e6fc3-2075-4b72-b8d6-473f2d2e6694,608417,608867,Assembling
f79e6fc3-2075-4b72-b8d6-473f2d2e6694,608867,609617,Looking at guide book
f79e6fc3-2075-4b72-b8d6-473f2d2e6694,609617,610742,Assembling
f79e6fc3-2075-4b72-b8d6-473f2d2e6694,610742,611385,Looking at guide book
f79e6fc3-2075-4b72-b8d6-473f2d2e6694,611385,615244,Assembling
f79e6fc3-2075-4b72-b8d6-473f2d2e6694,615244,616111,Looking at guide book
f79e6fc3-2075-4b72-b8d6-473f2d2e6694,616111,616528,Assembling
f79e6fc3-2075-4b72-b8d6-473f2d2e6694,616528,616953,Looking at guide book
f79e6fc3-2075-4b72-b8d6-473f2d2e6694,616953,617953,Assembling
f79e6fc3-2075-4b72-b8d6-473f2d2e6694,617953,618887,Looking at guide book
f79e6fc3-2075-4b72-b8d6-473f2d2e6694,618887,619404,Assembling
f79e6fc3-2075-4b72-b8d6-473f2d2e6694,619404,619912,Looking at guide book
f79e6fc3-2075-4b72-b8d6-473f2d2e6694,619912,620404,Assembling
f79e6fc3-2075-4b72-b8d6-473f2d2e6694,620404,621246,Looking at guide book
f79e6fc3-2075-4b72-b8d6-473f2d2e6694,621246,623530,Searching for pieces
f79e6fc3-2075-4b72-b8d6-473f2d2e6694,623530,624813,Looking at guide book
f79e6fc3-2075-4b72-b8d6-473f2d2e6694,624813,625764,Assembling
f79e6fc3-2075-4b72-b8d6-473f2d2e6694,625764,627556,Looking at guide book
f79e6fc3-2075-4b72-b8d6-473f2d2e6694,627556,628023,Assembling
f79e6fc3-2075-4b72-b8d6-473f2d2e6694,628023,628656,Looking at guide book
f79e6fc3-2075-4b72-b8d6-473f2d2e6694,628656,629048,Assembling
f79e6fc3-2075-4b72-b8d6-473f2d2e6694,629048,629815,Looking at guide book
f79e6fc3-2075-4b72-b8d6-473f2d2e6694,629815,630056,Assembling
f79e6fc3-2075-4b72-b8d6-473f2d2e6694,630056,634975,Looking at guide book
f79e6fc3-2075-4b72-b8d6-473f2d2e6694,634975,635725,Searching for pieces
f79e6fc3-2075-4b72-b8d6-473f2d2e6694,635725,636733,Looking at guide book
f79e6fc3-2075-4b72-b8d6-473f2d2e6694,636733,641151,Assembling
f79e6fc3-2075-4b72-b8d6-473f2d2e6694,641151,642943,Looking at guide book
f79e6fc3-2075-4b72-b8d6-473f2d2e6694,642943,643652,Searching for pieces
f79e6fc3-2075-4b72-b8d6-473f2d2e6694,643652,644994,Looking at guide book
f79e6fc3-2075-4b72-b8d6-473f2d2e6694,644994,647153,Searching for pieces
f79e6fc3-2075-4b72-b8d6-473f2d2e6694,647153,648853,Looking at guide book
f79e6fc3-2075-4b72-b8d6-473f2d2e6694,648853,649228,Assembling
f79e6fc3-2075-4b72-b8d6-473f2d2e6694,649228,651546,Looking at guide book
f79e6fc3-2075-4b72-b8d6-473f2d2e6694,651546,652179,Searching for pieces
f79e6fc3-2075-4b72-b8d6-473f2d2e6694,652179,653163,Looking at guide book
f79e6fc3-2075-4b72-b8d6-473f2d2e6694,653163,654805,Searching for pieces
f79e6fc3-2075-4b72-b8d6-473f2d2e6694,654805,655797,Looking at guide book
f79e6fc3-2075-4b72-b8d6-473f2d2e6694,655797,656872,Assembling
f79e6fc3-2075-4b72-b8d6-473f2d2e6694,656872,659573,Searching for pieces
f79e6fc3-2075-4b72-b8d6-473f2d2e6694,659573,661799,Looking at guide book
f79e6fc3-2075-4b72-b8d6-473f2d2e6694,661799,662657,Searching for pieces
f79e6fc3-2075-4b72-b8d6-473f2d2e6694,662657,664208,Looking at guide book
f79e6fc3-2075-4b72-b8d6-473f2d2e6694,664208,664683,Assembling
f79e6fc3-2075-4b72-b8d6-473f2d2e6694,664683,666558,Looking at guide book
f79e6fc3-2075-4b72-b8d6-473f2d2e6694,666558,668075,Assembling
f79e6fc3-2075-4b72-b8d6-473f2d2e6694,668075,668892,Looking at guide book
f79e6fc3-2075-4b72-b8d6-473f2d2e6694,668892,669342,Assembling
f79e6fc3-2075-4b72-b8d6-473f2d2e6694,669342,670168,Looking at guide book
f79e6fc3-2075-4b72-b8d6-473f2d2e6694,670168,670860,Assembling
f79e6fc3-2075-4b72-b8d6-473f2d2e6694,670860,671668,Looking at guide book
f79e6fc3-2075-4b72-b8d6-473f2d2e6694,671668,671985,Assembling
f79e6fc3-2075-4b72-b8d6-473f2d2e6694,671985,673194,Looking at guide book
f79e6fc3-2075-4b72-b8d6-473f2d2e6694,673194,673894,Assembling
f79e6fc3-2075-4b72-b8d6-473f2d2e6694,673894,674736,Looking at guide book
f79e6fc3-2075-4b72-b8d6-473f2d2e6694,674736,675594,Assembling
f79e6fc3-2075-4b72-b8d6-473f2d2e6694,675594,679604,Looking at guide book
f79e6fc3-2075-4b72-b8d6-473f2d2e6694,679604,679995,Assembling
f79e6fc3-2075-4b72-b8d6-473f2d2e6694,679995,682746,Looking at guide book
f79e6fc3-2075-4b72-b8d6-473f2d2e6694,682746,683371,Assembling
f79e6fc3-2075-4b72-b8d6-473f2d2e6694,683371,685930,Looking at guide book
f79e6fc3-2075-4b72-b8d6-473f2d2e6694,685930,686356,Assembling
f79e6fc3-2075-4b72-b8d6-473f2d2e6694,686356,688256,Searching for pieces
f79e6fc3-2075-4b72-b8d6-473f2d2e6694,688256,693466,Looking at guide book
f79e6fc3-2075-4b72-b8d6-473f2d2e6694,693466,693933,Assembling
f79e6fc3-2075-4b72-b8d6-473f2d2e6694,693933,695108,Looking at guide book
f79e6fc3-2075-4b72-b8d6-473f2d2e6694,695108,695375,Assembling
f79e6fc3-2075-4b72-b8d6-473f2d2e6694,695375,696008,Looking at guide book
f79e6fc3-2075-4b72-b8d6-473f2d2e6694,696008,696575,Assembling
f79e6fc3-2075-4b72-b8d6-473f2d2e6694,696575,697642,Looking at guide book
f79e6fc3-2075-4b72-b8d6-473f2d2e6694,697642,697959,Assembling
f79e6fc3-2075-4b72-b8d6-473f2d2e6694,697959,698867,Looking at guide book
f79e6fc3-2075-4b72-b8d6-473f2d2e6694,698867,699734,Assembling
f79e6fc3-2075-4b72-b8d6-473f2d2e6694,699734,700835,Looking at guide book
f79e6fc3-2075-4b72-b8d6-473f2d2e6694,700835,701568,Assembling
f79e6fc3-2075-4b72-b8d6-473f2d2e6694,701568,702310,Looking at guide book
f79e6fc3-2075-4b72-b8d6-473f2d2e6694,702310,707178,Assembling
f79e6fc3-2075-4b72-b8d6-473f2d2e6694,707178,707936,Looking at guide book
f79e6fc3-2075-4b72-b8d6-473f2d2e6694,707936,708929,Assembling
f79e6fc3-2075-4b72-b8d6-473f2d2e6694,708929,710221,Looking at guide book
f79e6fc3-2075-4b72-b8d6-473f2d2e6694,710221,710771,Assembling
f79e6fc3-2075-4b72-b8d6-473f2d2e6694,710771,711621,Looking at guide book
f79e6fc3-2075-4b72-b8d6-473f2d2e6694,711621,714430,Assembling
f79e6fc3-2075-4b72-b8d6-473f2d2e6694,714430,715872,Looking at guide book
f79e6fc3-2075-4b72-b8d6-473f2d2e6694,715872,716806,Searching for pieces
f79e6fc3-2075-4b72-b8d6-473f2d2e6694,716806,719115,Looking at guide book
f79e6fc3-2075-4b72-b8d6-473f2d2e6694,719115,719907,Assembling
f79e6fc3-2075-4b72-b8d6-473f2d2e6694,719907,720648,Looking at guide book
f79e6fc3-2075-4b72-b8d6-473f2d2e6694,720648,722082,Searching for pieces
f79e6fc3-2075-4b72-b8d6-473f2d2e6694,722082,723249,Looking at guide book
f79e6fc3-2075-4b72-b8d6-473f2d2e6694,723249,723616,Assembling
f79e6fc3-2075-4b72-b8d6-473f2d2e6694,723616,724258,Looking at guide book
f79e6fc3-2075-4b72-b8d6-473f2d2e6694,724258,724574,Assembling
f79e6fc3-2075-4b72-b8d6-473f2d2e6694,724574,725041,Looking at guide book
f79e6fc3-2075-4b72-b8d6-473f2d2e6694,725041,728042,Assembling
f79e6fc3-2075-4b72-b8d6-473f2d2e6694,728042,728617,Looking at guide book
f79e6fc3-2075-4b72-b8d6-473f2d2e6694,728617,729493,Searching for pieces
f79e6fc3-2075-4b72-b8d6-473f2d2e6694,729493,730518,Assembling
f79e6fc3-2075-4b72-b8d6-473f2d2e6694,730518,731210,Looking at guide book
f79e6fc3-2075-4b72-b8d6-473f2d2e6694,731210,732785,Assembling
f79e6fc3-2075-4b72-b8d6-473f2d2e6694,732785,734411,Looking at guide book
f79e6fc3-2075-4b72-b8d6-473f2d2e6694,734411,734919,Searching for pieces
f79e6fc3-2075-4b72-b8d6-473f2d2e6694,734919,735819,Looking at guide book
f79e6fc3-2075-4b72-b8d6-473f2d2e6694,735819,737511,Assembling
f79e6fc3-2075-4b72-b8d6-473f2d2e6694,737511,737912,Looking at guide book
f79e6fc3-2075-4b72-b8d6-473f2d2e6694,737912,738578,Assembling
f79e6fc3-2075-4b72-b8d6-473f2d2e6694,738578,739520,Looking at guide book
f79e6fc3-2075-4b72-b8d6-473f2d2e6694,739520,739987,Assembling
f79e6fc3-2075-4b72-b8d6-473f2d2e6694,739987,740420,Looking at guide book
f79e6fc3-2075-4b72-b8d6-473f2d2e6694,740420,741171,Searching for pieces
f79e6fc3-2075-4b72-b8d6-473f2d2e6694,741171,743513,Assembling
f79e6fc3-2075-4b72-b8d6-473f2d2e6694,743513,744455,Looking at guide book
f79e6fc3-2075-4b72-b8d6-473f2d2e6694,744455,745147,Looking at guide book
f79e6fc3-2075-4b72-b8d6-473f2d2e6694,745147,745989,Assembling
f79e6fc3-2075-4b72-b8d6-473f2d2e6694,745989,747873,Looking at guide book
f79e6fc3-2075-4b72-b8d6-473f2d2e6694,747873,748256,Assembling
f79e6fc3-2075-4b72-b8d6-473f2d2e6694,748256,749340,Looking at guide book
f79e6fc3-2075-4b72-b8d6-473f2d2e6694,749340,749656,Assembling
f79e6fc3-2075-4b72-b8d6-473f2d2e6694,749656,752040,Looking at guide book
f79e6fc3-2075-4b72-b8d6-473f2d2e6694,752040,752908,Assembling
f79e6fc3-2075-4b72-b8d6-473f2d2e6694,752908,753433,Searching for pieces
f79e6fc3-2075-4b72-b8d6-473f2d2e6694,753433,756800,Assembling
f79e6fc3-2075-4b72-b8d6-473f2d2e6694,756800,757467,Looking at guide book
f79e6fc3-2075-4b72-b8d6-473f2d2e6694,757467,757825,Assembling
f79e6fc3-2075-4b72-b8d6-473f2d2e6694,757825,759718,Looking at guide book
f79e6fc3-2075-4b72-b8d6-473f2d2e6694,759718,760359,Searching for pieces
f79e6fc3-2075-4b72-b8d6-473f2d2e6694,760359,761010,Looking at guide book
f79e6fc3-2075-4b72-b8d6-473f2d2e6694,761010,761401,Searching for pieces
f79e6fc3-2075-4b72-b8d6-473f2d2e6694,761401,761851,Looking at guide book
f79e6fc3-2075-4b72-b8d6-473f2d2e6694,761851,762418,Assembling
f79e6fc3-2075-4b72-b8d6-473f2d2e6694,762418,763685,Looking at guide book
f79e6fc3-2075-4b72-b8d6-473f2d2e6694,763685,764827,Assembling
f79e6fc3-2075-4b72-b8d6-473f2d2e6694,764827,765611,Looking at guide book
f79e6fc3-2075-4b72-b8d6-473f2d2e6694,765611,767378,Assembling
f79e6fc3-2075-4b72-b8d6-473f2d2e6694,767378,768062,Looking at guide book
f79e6fc3-2075-4b72-b8d6-473f2d2e6694,768062,769145,Assembling
f79e6fc3-2075-4b72-b8d6-473f2d2e6694,769145,769929,Looking at guide book
f79e6fc3-2075-4b72-b8d6-473f2d2e6694,769929,770396,Assembling
f79e6fc3-2075-4b72-b8d6-473f2d2e6694,770396,771562,Looking at guide book
f79e6fc3-2075-4b72-b8d6-473f2d2e6694,771562,771896,Assembling
f79e6fc3-2075-4b72-b8d6-473f2d2e6694,771896,772571,Looking at guide book
f79e6fc3-2075-4b72-b8d6-473f2d2e6694,772571,773188,Assembling
f79e6fc3-2075-4b72-b8d6-473f2d2e6694,773188,773880,Looking at guide book
f79e6fc3-2075-4b72-b8d6-473f2d2e6694,773880,778448,Assembling
f79e6fc3-2075-4b72-b8d6-473f2d2e6694,778448,778931,Looking at guide book
f79e6fc3-2075-4b72-b8d6-473f2d2e6694,778931,779456,Assembling
f79e6fc3-2075-4b72-b8d6-473f2d2e6694,779456,782899,Looking at guide book
f79e6fc3-2075-4b72-b8d6-473f2d2e6694,782899,783274,Assembling
f79e6fc3-2075-4b72-b8d6-473f2d2e6694,783274,783949,Looking at guide book
f79e6fc3-2075-4b72-b8d6-473f2d2e6694,783949,796311,Assembling
f79e6fc3-2075-4b72-b8d6-473f2d2e6694,796311,797920,Looking at guide book
f79e6fc3-2075-4b72-b8d6-473f2d2e6694,797920,798337,Assembling
f79e6fc3-2075-4b72-b8d6-473f2d2e6694,798337,801204,Looking at guide book
f79e6fc3-2075-4b72-b8d6-473f2d2e6694,801204,804488,Assembling
f79e6fc3-2075-4b72-b8d6-473f2d2e6694,804488,811139,Undefined
