number,value,datetime_start,datetime_complete,duration,params_batch,params_dp,params_h_size,params_lr,params_ls,params_n_layers,params_out_ch,params_wd,state
0,,2026-07-18 08:56:31.454172,2026-07-18 08:56:31.606732,0 days 00:00:00.152560,512,0.9160475547994054,1024,0.00019438802613511223,0.520589693581388,2,32,0.0024646107437338994,FAIL
1,,2026-07-18 08:57:24.553408,2026-07-18 08:57:24.701337,0 days 00:00:00.147929,512,0.6430502288948147,64,0.00016774898341005872,0.7465569504706573,3,32,0.0015009965687727803,FAIL
2,,2026-07-18 08:58:32.664947,2026-07-18 08:58:32.822522,0 days 00:00:00.157575,512,0.5897537925194121,128,0.0004273796196205316,0.546554265935087,2,32,0.0028708995152985856,FAIL
3,,2026-07-18 09:01:18.599674,2026-07-18 09:01:25.149528,0 days 00:00:06.549854,64,0.7748843561970764,1024,0.00010438847157975512,0.43342634905834465,3,32,0.0017908868590900383,FAIL
4,0.5088596345672454,2026-07-18 09:01:35.806130,2026-07-18 09:22:52.805281,0 days 00:21:16.999151,256,0.8083167095494883,256,0.0006302402899998167,0.4345796617051354,3,512,0.0027068783585692995,COMPLETE
5,0.5006436968323836,2026-07-18 09:22:52.961393,2026-07-18 09:37:27.648302,0 days 00:14:34.686909,256,0.579745296117723,256,0.0001270009527695882,0.7666762781222429,2,32,0.002539916869827319,COMPLETE
6,0.4672309044059964,2026-07-18 09:37:27.706524,2026-07-18 10:11:24.165585,0 days 00:33:56.459061,64,0.8533108410050273,64,0.0005834394170322519,0.5632927196449479,1,256,0.002349245866628242,COMPLETE
7,0.5013311793148924,2026-07-18 10:11:24.213275,2026-07-18 10:24:43.235902,0 days 00:13:19.022627,256,0.9585344312753996,32,0.00045641254745876594,0.5124592076185307,2,256,0.0019721355421903654,COMPLETE
8,0.4935777555595816,2026-07-18 10:24:43.284554,2026-07-18 10:33:37.702405,0 days 00:08:54.417851,256,0.664292330441493,32,0.0001928798385075953,0.43174329025791136,1,128,0.0019736173556634215,COMPLETE
9,0.5042132036899433,2026-07-18 10:33:37.753589,2026-07-18 10:47:19.984599,0 days 00:13:42.231010,256,0.794837761495781,512,0.0006378725126668536,0.4200429624942923,2,64,0.0015166743610975292,COMPLETE
10,0.49064280248914777,2026-07-18 10:47:20.049049,2026-07-18 11:51:15.445707,0 days 01:03:55.396658,64,0.9755652986441454,512,0.000164512960411794,0.692690780476787,2,32,0.0018928244317050604,COMPLETE
11,0.4849547203800354,2026-07-18 11:51:15.496185,2026-07-18 12:02:00.168548,0 days 00:10:44.672363,512,0.8491418892754252,64,0.00020577968168890382,0.3348278970341146,2,64,0.00270287834759589,COMPLETE
12,0.48882550289178456,2026-07-18 12:02:00.221453,2026-07-18 12:33:50.005899,0 days 00:31:49.784446,64,0.6907213793023745,128,0.00011345462242612731,0.6161239405035188,1,512,0.0018273654419517702,COMPLETE
13,0.4781504969968644,2026-07-18 12:33:50.065334,2026-07-18 13:06:10.447824,0 days 00:32:20.382490,64,0.7748555957186499,32,0.00026652874378703395,0.6211401077644332,1,512,0.002662647081555522,COMPLETE
14,0.4792415631286366,2026-07-18 13:06:10.505070,2026-07-18 13:37:57.647172,0 days 00:31:47.142102,128,0.584076602262042,256,0.0008755544490060494,0.3015287220778702,3,512,0.0014357126783435708,COMPLETE
15,0.5057205178575402,2026-07-18 13:37:57.694616,2026-07-18 13:51:18.556199,0 days 00:13:20.861583,256,0.8158627648522743,1024,0.0004735024185924394,0.42420881909287145,3,64,0.001480235684034389,COMPLETE
16,0.5098550590290077,2026-07-18 13:51:18.600704,2026-07-18 14:05:50.547358,0 days 00:14:31.946654,256,0.8835973480378108,1024,0.00040044584869695655,0.4396865618307805,3,64,0.002998517523808333,COMPLETE
17,0.4979634646998879,2026-07-18 14:05:50.603569,2026-07-18 14:29:51.442560,0 days 00:24:00.838991,128,0.8913423015918371,1024,0.00031970971544314277,0.49328556569537585,3,128,0.002990817723543473,COMPLETE
18,0.4959332451227628,2026-07-18 14:29:51.490826,2026-07-18 14:48:05.059261,0 days 00:18:13.568435,512,0.740708224882582,1024,0.0008742903376493881,0.3765217967882404,3,512,0.0029365461179151997,COMPLETE
19,0.48835843409209423,2026-07-18 14:48:05.112570,2026-07-18 15:05:47.380343,0 days 00:17:42.267773,256,0.9155221971601751,256,0.00034936640131432475,0.5120692872274241,3,64,0.002308303225569292,COMPLETE
20,0.4979554008319885,2026-07-18 15:05:47.436551,2026-07-18 15:29:51.786451,0 days 00:24:04.349900,256,0.9172597122053923,128,0.0006846860541719385,0.46697683857268,3,512,0.002323492672477608,COMPLETE
21,0.5001929769510695,2026-07-18 15:29:51.837376,2026-07-18 15:42:39.513225,0 days 00:12:47.675849,256,0.7272298631399552,1024,0.00044450022077757533,0.3640309603571148,3,64,0.0027798279036108423,COMPLETE
22,0.4960329732578784,2026-07-18 15:42:39.567637,2026-07-18 15:56:24.112966,0 days 00:13:44.545329,512,0.8723494309512257,256,0.0009870659167579548,0.5791135939234427,3,256,0.0024587008357879543,COMPLETE
23,0.5057384082692568,2026-07-18 15:56:24.161494,2026-07-18 16:41:35.648212,0 days 00:45:11.486718,128,0.9947091897877159,1024,0.0003486727364539488,0.5524745945836608,3,128,0.0021888769469385213,COMPLETE
24,0.5133004354221393,2026-07-18 16:41:35.720852,2026-07-18 16:54:22.285976,0 days 00:12:46.565124,256,0.6355764213041907,256,0.00027195590326537915,0.29039315216806777,3,32,0.0028304126981113682,COMPLETE
25,0.4773117138227392,2026-07-18 16:54:22.343242,2026-07-18 17:07:44.694585,0 days 00:13:22.351343,256,0.6331931976401219,256,0.00022820761895016547,0.3121968322539,3,32,0.0028271563858219047,COMPLETE
26,0.4882450824944599,2026-07-18 17:07:44.744583,2026-07-18 17:21:16.669900,0 days 00:13:31.925317,256,0.6337346872709515,256,0.0002830492132042958,0.37410063840328567,3,32,0.002573338701048863,COMPLETE
27,0.4831156816503329,2026-07-18 17:21:16.718701,2026-07-18 17:36:14.509298,0 days 00:14:57.790597,256,0.8162769582700633,256,0.00043379014272244734,0.4592616340019633,3,32,0.0028227144990510167,COMPLETE
28,0.49693968124452426,2026-07-18 17:36:14.559972,2026-07-18 17:48:42.086284,0 days 00:12:27.526312,256,0.7495343153819194,256,0.0005154768525943538,0.2882792735006751,3,32,0.002973796122329177,COMPLETE
29,0.4851205925990071,2026-07-18 17:48:42.136194,2026-07-18 18:18:29.256415,0 days 00:29:47.120221,256,0.5542923458379044,512,0.00037835903371500967,0.3820329537990128,3,512,0.0026494435765536304,COMPLETE
30,0.49745298208988004,2026-07-18 18:18:29.307042,2026-07-18 18:35:12.286619,0 days 00:16:42.979577,256,0.6737963892694918,64,0.000267735809415256,0.3396216991223895,3,64,0.002494396042243035,COMPLETE
31,0.49434167033722665,2026-07-18 18:35:12.332587,2026-07-18 18:45:22.591536,0 days 00:10:10.258949,512,0.9441570658395669,128,0.00074973690886857,0.4047758226899473,3,32,0.0027953603885389902,COMPLETE
32,0.4864151791402984,2026-07-18 18:45:22.636954,2026-07-18 19:00:30.753917,0 days 00:15:08.116963,128,0.71765651699892,1024,0.0005507042036672268,0.44322353890563115,1,64,0.002181274743103285,COMPLETE
33,0.4958459499290448,2026-07-18 19:00:30.800952,2026-07-18 19:23:27.593690,0 days 00:22:56.792738,256,0.6255350874645182,256,0.0001561467864453432,0.48970555662635185,3,512,0.0025471917225037685,COMPLETE
34,0.46910912955928813,2026-07-18 19:23:27.646026,2026-07-18 19:36:46.317487,0 days 00:13:18.671461,256,0.8361517813164514,256,0.0003011089298266983,0.7734023273894615,2,32,0.00244733062498366,COMPLETE
35,0.49405683476301987,2026-07-18 19:36:46.367882,2026-07-18 20:02:38.752699,0 days 00:25:52.384817,128,0.9319707718904685,1024,0.0003839806173195559,0.6896262130882994,3,128,0.002186165053638105,COMPLETE
36,0.49384899758684925,2026-07-18 20:02:38.799924,2026-07-18 20:39:30.810312,0 days 00:36:52.010388,128,0.9896463795309279,1024,0.00023076461338720082,0.5649457642057416,3,128,0.0016192775406405045,COMPLETE
37,0.48664467355647767,2026-07-18 20:39:30.877740,2026-07-18 21:06:00.678085,0 days 00:26:29.800345,128,0.8806901078365457,1024,0.0003858368341473603,0.5394482393850121,3,128,0.0021546887527897204,COMPLETE
38,0.5087173980005923,2026-07-18 21:06:00.727338,2026-07-18 21:33:35.014257,0 days 00:27:34.286919,128,0.9700405973778081,1024,0.0003366361832549453,0.679256509494153,3,256,0.00205169325990026,COMPLETE
39,0.5052542900092252,2026-07-18 21:33:35.060936,2026-07-18 22:05:08.648239,0 days 00:31:33.587303,64,0.9611998816231028,32,0.0005922038785425243,0.6831578979610708,1,256,0.0018034997908111105,COMPLETE
40,0.5059252648925469,2026-07-18 22:05:08.699269,2026-07-18 22:17:14.704130,0 days 00:12:06.004861,256,0.7700385656848764,64,0.00024320341239554466,0.6499088667736934,2,256,0.0016554536318278406,COMPLETE
41,0.4948412944598315,2026-07-18 22:17:14.750374,2026-07-18 22:43:29.924853,0 days 00:26:15.174479,128,0.8939467179152298,512,0.00015998087092783524,0.7433323972320947,3,256,0.0028871526777393334,COMPLETE
42,0.5087987726176559,2026-07-18 22:43:29.971253,2026-07-18 22:56:19.760243,0 days 00:12:49.788990,256,0.8493227303197526,1024,0.00018483345822916788,0.7452834625828302,2,256,0.0020908469691682204,COMPLETE
43,0.49754066776717193,2026-07-18 22:56:19.807877,2026-07-18 23:10:10.858244,0 days 00:13:51.050367,256,0.8036853250634189,32,0.00018454728925466077,0.7376227355508022,2,256,0.002660796269459677,COMPLETE
44,0.48283047935486495,2026-07-18 23:10:10.903828,2026-07-18 23:25:25.916453,0 days 00:15:15.012625,256,0.8555293451936334,256,0.00019040781367984054,0.793098279995331,2,64,0.0024007283527361094,COMPLETE
45,0.5062298488025171,2026-07-18 23:25:25.962556,2026-07-18 23:39:25.585509,0 days 00:13:59.622953,256,0.8407381793310602,1024,0.00011527008187963683,0.720846165739425,2,256,0.002073032219901907,COMPLETE
46,0.5021308365570818,2026-07-18 23:39:25.632687,2026-07-19 00:19:03.631055,0 days 00:39:37.998368,64,0.9103815621124612,1024,0.0001476483945919022,0.5961198938220575,2,256,0.002053046110884775,COMPLETE
47,0.5035621027689356,2026-07-19 00:19:03.677323,2026-07-19 00:28:28.631213,0 days 00:09:24.953890,256,0.8635566733139405,1024,0.0003110900104701101,0.6665084924208771,1,256,0.0019230295430480607,COMPLETE
48,0.49471077156376964,2026-07-19 00:28:28.693024,2026-07-19 00:41:33.967628,0 days 00:13:05.274604,256,0.7804682577935291,1024,0.00010124304615316048,0.6414574858964434,2,256,0.0017613640483312013,COMPLETE
49,0.5038141356186815,2026-07-19 00:41:34.019817,2026-07-19 01:09:20.101342,0 days 00:27:46.081525,512,0.9658228858963062,128,0.00021065487903420283,0.7166875148081089,3,512,0.002026085891857933,COMPLETE
50,0.47713327520251,2026-07-19 01:09:20.152913,2026-07-19 01:50:41.530360,0 days 00:41:21.377447,64,0.5956979201923549,512,0.00025140752940423067,0.8013286355742921,2,256,0.002264623822882624,COMPLETE
51,0.5028466760107841,2026-07-19 01:50:41.578795,2026-07-19 02:05:40.891469,0 days 00:14:59.312674,256,0.6982097126120174,64,0.0005052443272718468,0.3466206593551454,3,64,0.0027598307211126904,COMPLETE
52,0.5134215979448098,2026-07-19 02:05:40.937891,2026-07-19 02:30:19.092547,0 days 00:24:38.154656,128,0.9370741911994663,1024,0.00013924823973048012,0.4174539843840931,1,512,0.0029087741899106803,COMPLETE
53,0.5012574435435205,2026-07-19 02:30:19.146908,2026-07-19 02:48:34.254075,0 days 00:18:15.107167,256,0.9395937597019057,256,0.00013074655836681925,0.3937878749668665,1,512,0.0028842958245231466,COMPLETE
54,0.5134421421002545,2026-07-19 02:48:34.313604,2026-07-19 03:05:17.848845,0 days 00:16:43.535241,256,0.8977906060457688,32,0.00014261501471925675,0.31911847986458125,1,512,0.0027200328130043278,COMPLETE
55,0.5080100761259664,2026-07-19 03:05:17.902951,2026-07-19 03:22:02.645148,0 days 00:16:44.742197,256,0.898749566043597,32,0.00013900389942305967,0.314344205581908,1,512,0.0027219574862128184,COMPLETE
56,0.5025404595175813,2026-07-19 03:22:02.693354,2026-07-19 03:40:05.085753,0 days 00:18:02.392399,256,0.822395341908414,32,0.00017302370493711637,0.41793585010018813,1,512,0.002637639657682242,COMPLETE
57,0.5115281332814018,2026-07-19 03:40:05.137119,2026-07-19 04:00:00.586184,0 days 00:19:55.449065,256,0.8792549459500025,32,0.0001216157361974762,0.35567284086012774,1,512,0.002920244203778004,COMPLETE
58,0.5172004714892648,2026-07-19 04:00:00.634004,2026-07-19 04:17:56.110889,0 days 00:17:55.476885,256,0.9240964192783006,32,0.00013872429180418673,0.35875684843532807,1,512,0.0029892487300035857,COMPLETE
59,0.5069072245747692,2026-07-19 04:17:56.165998,2026-07-19 04:35:36.645669,0 days 00:17:40.479671,256,0.9468629993400088,32,0.00011665715663510783,0.3543160546201123,1,512,0.0029847747255559703,COMPLETE
60,0.5133776984303701,2026-07-19 04:35:36.693681,2026-07-19 04:53:01.051512,0 days 00:17:24.357831,256,0.9246680462777519,32,0.00010419231797559225,0.32611078884985456,1,512,0.0028743572398097425,COMPLETE
61,0.5156717824058759,2026-07-19 04:53:01.100085,2026-07-19 05:09:39.808983,0 days 00:16:38.708898,512,0.9273809573476351,32,0.00010008664440069821,0.3189124559216125,1,512,0.0028775413171973283,COMPLETE
62,0.5078961341740614,2026-07-19 05:09:39.856400,2026-07-19 05:29:17.793158,0 days 00:19:37.936758,512,0.9248980717555088,32,0.00010170602889970497,0.3306005637509831,1,512,0.002851456033165349,COMPLETE
63,0.51377285840119,2026-07-19 05:29:17.844356,2026-07-19 05:47:27.305784,0 days 00:18:09.461428,512,0.9828366425466447,32,0.00013168131168624686,0.3210568871475811,1,512,0.002714811908818263,COMPLETE
64,,2026-07-19 05:47:27.358816,2026-07-19 05:50:26.827903,0 days 00:02:59.469087,512,0.9808944478609724,32,0.00013294208205949447,0.31611443015891855,1,512,0.0027128791239810707,FAIL
65,,2026-07-19 05:50:42.546830,2026-07-19 05:50:45.867427,0 days 00:00:03.320597,512,0.9867392174616224,32,0.0001372118611082015,0.3226322370266502,1,512,0.0025813586472749734,FAIL
66,,2026-07-19 06:06:16.831615,2026-07-19 06:07:41.283932,0 days 00:01:24.452317,512,0.9783766347653058,32,0.00013028365761370863,0.31620191917642515,1,512,0.0027222685261913955,FAIL
67,0.5124429877150688,2026-07-19 06:11:52.700121,2026-07-19 06:26:11.141270,0 days 00:14:18.441149,512,0.9820448976610181,32,6.166562491403502e-05,0.32408396727313304,1,512,0.0031812999699212304,COMPLETE
68,0.5254985439163418,2026-07-19 06:26:11.256577,2026-07-19 06:36:16.285593,0 days 00:10:05.029016,512,0.9489233057908638,32,7.676763429929308e-05,0.2920273452973996,1,512,0.0031726730770640136,COMPLETE
69,0.5192226833833233,2026-07-19 06:36:16.345777,2026-07-19 06:49:13.899607,0 days 00:12:57.553830,512,0.9527568941187713,32,7.621669057628966e-05,0.3061555231170613,1,512,0.003570090137568856,COMPLETE
70,0.5123719692351393,2026-07-19 06:49:13.962571,2026-07-19 07:00:26.076865,0 days 00:11:12.114294,512,0.9556086723351898,32,7.928309953993441e-05,0.3015631333348897,1,512,0.0037371308158930102,COMPLETE
71,0.518355477905171,2026-07-19 07:00:26.135739,2026-07-19 07:23:23.877521,0 days 00:22:57.741782,512,0.9995583191747903,32,5.0028573897469135e-05,0.3057668871863525,1,512,0.003181806895761066,COMPLETE
72,0.5193291894743841,2026-07-19 07:23:23.948440,2026-07-19 07:36:03.346040,0 days 00:12:39.397600,512,0.9767485019502438,32,5.65854938488929e-05,0.30723558387993716,1,512,0.003313283988317888,COMPLETE
73,0.5144553061861148,2026-07-19 07:36:03.395045,2026-07-19 07:48:58.962288,0 days 00:12:55.567243,512,0.9807538480126112,32,5.093688769618178e-05,0.30453385100453817,1,512,0.0032497945034462867,COMPLETE
74,0.5067122789633141,2026-07-19 07:48:59.012368,2026-07-19 08:07:26.383336,0 days 00:18:27.370968,512,0.9980473231426017,32,5.3445999020247056e-05,0.30023006502629174,1,512,0.0033142832277769795,COMPLETE
75,0.5079868537932364,2026-07-19 08:07:26.431966,2026-07-19 08:18:05.818764,0 days 00:10:39.386798,512,0.949667686227812,32,7.443092468058425e-05,0.37148903799893,1,512,0.003480064903713196,COMPLETE
76,0.5024006517635373,2026-07-19 08:18:05.869033,2026-07-19 08:31:29.042208,0 days 00:13:23.173175,512,0.9746922909775956,32,5.0512812380982295e-05,0.3401035299517099,1,512,0.003149240790250193,COMPLETE
77,0.51699367442418,2026-07-19 08:31:29.106760,2026-07-19 08:43:25.060242,0 days 00:11:55.953482,512,0.9597328855289088,32,8.278070421641374e-05,0.29118070744026525,1,512,0.003537994859573381,COMPLETE
78,0.5098799769986193,2026-07-19 08:43:25.109044,2026-07-19 08:55:25.561665,0 days 00:12:00.452621,512,0.959442240307156,32,8.177473688042759e-05,0.29135221030762976,1,512,0.003556771257366375,COMPLETE
79,0.5179081090777508,2026-07-19 08:55:25.617421,2026-07-19 09:07:48.047819,0 days 00:12:22.430398,512,0.9856326194288334,32,6.802468730636987e-05,0.30493321911250654,1,512,0.004119088383069659,COMPLETE
80,0.5221408099345154,2026-07-19 09:07:48.100594,2026-07-19 09:21:19.651607,0 days 00:13:31.551013,512,0.995837690593117,32,6.591584729240041e-05,0.2887419288474503,1,512,0.004223383752463843,COMPLETE
81,0.5113734010844945,2026-07-19 09:21:19.701554,2026-07-19 09:39:03.069911,0 days 00:17:43.368357,512,0.9967355942333825,32,6.611865518159534e-05,0.2883268667541516,1,512,0.004167653736388462,COMPLETE
82,0.5131030908182173,2026-07-19 09:39:03.125033,2026-07-19 09:51:49.124027,0 days 00:12:45.998994,512,0.989087376506172,32,0.002485221521328567,0.33921476389713623,1,512,0.004479083200077771,COMPLETE
83,0.5180403935096939,2026-07-19 09:51:49.174274,2026-07-19 10:03:25.592564,0 days 00:11:36.418290,512,0.9740620253884335,32,6.37869402991212e-05,0.36315353663370475,1,512,0.003933395088861821,COMPLETE
84,0.5033113074184216,2026-07-19 10:03:25.641183,2026-07-19 10:18:20.864293,0 days 00:14:55.223110,512,0.9709287546425398,32,6.17027814559685e-05,0.36258717406221014,1,512,0.00395117928736973,COMPLETE
85,0.5176078605596959,2026-07-19 10:18:20.914227,2026-07-19 10:29:25.889173,0 days 00:11:04.974946,512,0.9103290746049253,32,6.972681965537534e-05,0.38577675799587896,1,512,0.004104011347333968,COMPLETE
86,0.499566600917524,2026-07-19 10:29:25.938737,2026-07-19 10:48:03.324312,0 days 00:18:37.385575,512,0.9990657416053391,128,6.894290022995749e-05,0.38293519815681515,1,512,0.004294213373146507,COMPLETE
87,0.5018799999930214,2026-07-19 10:48:03.390004,2026-07-19 11:00:11.096189,0 days 00:12:07.706185,512,0.9731731959262078,32,5.9733803350230535e-05,0.39531140165107576,1,512,0.0048339701189207985,COMPLETE
88,0.5080593651448636,2026-07-19 11:00:11.145369,2026-07-19 11:12:14.473996,0 days 00:12:03.328627,512,0.9146932018521362,32,8.951684870035537e-05,0.3079360620105743,1,512,0.003934584802232851,COMPLETE
89,0.5163950345719761,2026-07-19 11:12:14.537150,2026-07-19 11:23:47.355687,0 days 00:11:32.818537,512,0.9506935942956184,32,7.087297181635823e-05,0.3483730506833526,1,512,0.00304960033665793,COMPLETE
90,0.5211713508661877,2026-07-19 11:23:47.405832,2026-07-19 11:37:27.442646,0 days 00:13:40.036814,512,0.9853778146535079,32,9.05618073535589e-05,0.33500697661773443,1,512,0.003413347849529719,COMPLETE
91,0.5076243133085111,2026-07-19 11:37:27.492694,2026-07-19 11:49:37.941095,0 days 00:12:10.448401,512,0.9870736948105491,32,9.079564890926984e-05,0.3348276262152938,1,128,0.0033629580057320044,COMPLETE
92,0.49963060397500714,2026-07-19 11:49:37.991010,2026-07-19 12:01:04.001668,0 days 00:11:26.010658,512,0.9671527544405619,32,5.6991808159626e-05,0.31087538558822986,1,512,0.003713197821940406,COMPLETE
93,0.5094269071730434,2026-07-19 12:01:04.057653,2026-07-19 12:12:19.668483,0 days 00:11:15.610830,512,0.9778602052262579,64,9.045082975669687e-05,0.38597960017186594,1,512,0.004061683490507142,COMPLETE
94,0.5137267681385089,2026-07-19 12:12:19.731723,2026-07-19 12:22:43.064647,0 days 00:10:23.332924,512,0.9397720097087294,512,6.55117367628601e-05,0.3709201857882339,1,512,0.004431327576316572,COMPLETE
95,0.5101685836303046,2026-07-19 12:22:43.118062,2026-07-19 12:33:38.607117,0 days 00:10:55.489055,512,0.9066836464231326,32,7.72481602685521e-05,0.3337013603619996,1,512,0.0038178285388550865,COMPLETE
96,0.5169645389022388,2026-07-19 12:33:38.671351,2026-07-19 12:47:51.322978,0 days 00:14:12.651627,512,0.9905394312366715,32,5.6318852578618156e-05,0.40782195982379327,1,512,0.003420667050483136,COMPLETE
97,0.5204096866514262,2026-07-19 12:47:51.382245,2026-07-19 13:01:28.047724,0 days 00:13:36.665479,512,0.9657713133048929,32,7.087583279063666e-05,0.3008349041359258,1,32,0.003641109612393473,COMPLETE
98,0.4998954437585118,2026-07-19 13:01:28.098552,2026-07-19 13:14:44.337086,0 days 00:13:16.238534,512,0.9636807949771378,32,7.116725296162271e-05,0.301586132180177,1,32,0.0030768477293698117,COMPLETE
99,0.5094041505694744,2026-07-19 13:14:44.387023,2026-07-19 13:24:53.076242,0 days 00:10:08.689219,512,0.9534264969667355,32,8.893325375528858e-05,0.31357446800158495,1,32,0.003633376619412011,COMPLETE
100,0.49902117102035404,2026-07-19 13:24:53.133625,2026-07-19 13:45:17.736591,0 days 00:20:24.602966,512,0.9804449778284864,32,6.400193048190493e-05,0.3448947816496183,1,32,0.00408536626061976,COMPLETE
101,0.5176718026832493,2026-07-19 13:45:17.787465,2026-07-19 14:00:17.046081,0 days 00:14:59.258616,512,0.9350317073924903,32,5.813073750785626e-05,0.32726995259546676,1,512,0.003925031886505113,COMPLETE
102,0.5068356711978496,2026-07-19 14:00:17.100942,2026-07-19 14:13:20.194827,0 days 00:13:03.093885,512,0.935536477088437,128,5.662121073139172e-05,0.32628318199313616,1,32,0.0038731917522261505,COMPLETE
103,0.4979880407680437,2026-07-19 14:13:20.382021,2026-07-19 14:46:17.489870,0 days 00:32:57.107849,64,0.9686152135720203,32,5.005416872789747e-05,0.2990766901164145,1,128,0.0036397093540980635,COMPLETE
104,0.5110741680551787,2026-07-19 14:46:17.540595,2026-07-19 14:57:45.865678,0 days 00:11:28.325083,512,0.9447114230491147,32,7.658811786053575e-05,0.31309107967954064,1,512,0.003241521696834825,COMPLETE
105,0.5145828076335041,2026-07-19 14:57:45.923746,2026-07-19 15:10:11.024625,0 days 00:12:25.100879,512,0.985515809492921,32,0.000109461481569096,0.3513519957746282,1,512,0.004275522119793922,COMPLETE
106,,2026-07-19 15:10:11.077041,2026-07-19 15:19:27.245335,0 days 00:09:16.168294,512,0.9935272542796147,64,8.446776148276523e-05,0.3287865446832625,1,32,0.0033827992495994814,FAIL
107,0.4989471809924727,2026-07-19 18:03:44.221238,2026-07-19 18:23:12.427568,0 days 00:19:28.206330,512,0.9908256629498094,64,9.531118530660347e-05,0.3310142372542885,1,32,0.0034078017691772837,COMPLETE
108,0.4589259409648727,2026-07-19 18:23:12.551192,2026-07-19 18:40:39.005408,0 days 00:17:26.454216,512,0.999289084518141,512,5.897909949616645e-05,0.2978259560713204,1,64,0.003989449483897197,COMPLETE
109,0.513801071183062,2026-07-19 18:40:39.056275,2026-07-19 18:52:23.166781,0 days 00:11:44.110506,512,0.9753045852008839,32,7.115318463848321e-05,0.36540711885381183,1,512,0.004181854719825075,COMPLETE
110,0.5184979348958952,2026-07-19 18:52:23.229656,2026-07-19 19:02:43.624998,0 days 00:10:20.395342,512,0.9584252855361363,32,8.198763973699198e-05,0.32106890317595776,1,512,0.003819026754961708,COMPLETE
111,0.5152283455811094,2026-07-19 19:02:43.676771,2026-07-19 19:13:43.391938,0 days 00:10:59.715167,512,0.9547391307134898,32,8.34533863696819e-05,0.3231674739930656,1,512,0.003841425490551835,COMPLETE
112,0.5143795525085061,2026-07-19 19:13:43.440585,2026-07-19 19:25:15.136301,0 days 00:11:31.695716,512,0.9639434722253208,32,5.5667813938620124e-05,0.309578931233582,1,512,0.0037317882160611917,COMPLETE
113,0.5094927884051415,2026-07-19 19:25:15.187838,2026-07-19 19:36:00.321131,0 days 00:10:45.133293,512,0.9446671188569796,32,6.457196863971011e-05,0.29061317201292564,1,512,0.0036001000002031055,COMPLETE
114,0.5185274944795256,2026-07-19 19:36:00.369005,2026-07-19 19:47:44.439118,0 days 00:11:44.070113,512,0.9765227174259181,32,7.925055272902614e-05,0.34178731858465217,1,512,0.003506170633793761,COMPLETE
115,0.5108542394537722,2026-07-19 19:47:44.487496,2026-07-19 19:59:55.935461,0 days 00:12:11.447965,512,0.9755365565611166,32,8.245467598846535e-05,0.3422748193497076,1,512,0.003276682373967237,COMPLETE
116,0.49992128112607076,2026-07-19 19:59:55.996903,2026-07-19 20:28:36.460425,0 days 00:28:40.463522,64,0.9929881485143341,32,0.004441856377178742,0.3126312646148172,1,512,0.003155684962897712,COMPLETE
117,0.5169249717583886,2026-07-19 20:28:36.508329,2026-07-19 20:39:51.428894,0 days 00:11:14.920565,512,0.9836549507852131,32,0.00010833503329273162,0.3525411134830756,1,512,0.0034764316872821655,COMPLETE
118,0.5236531552429833,2026-07-19 20:39:51.486165,2026-07-19 20:50:24.536157,0 days 00:10:33.049992,512,0.9609072718639892,32,7.461810993129864e-05,0.30133814448347745,1,512,0.003326216466198278,COMPLETE
119,0.5031679293266992,2026-07-19 20:50:24.583674,2026-07-19 21:01:06.484306,0 days 00:10:41.900632,512,0.9552169241976113,32,7.708409494039731e-05,0.3022584276029954,1,512,0.003489088599689582,COMPLETE
120,0.5117861901525353,2026-07-19 21:01:06.532693,2026-07-19 21:11:37.924034,0 days 00:10:31.391341,512,0.967063032139001,32,9.628683106475345e-05,0.31774680847764536,1,512,0.0033330040460614455,COMPLETE
121,0.5154406860044448,2026-07-19 21:11:37.973912,2026-07-19 21:21:44.939581,0 days 00:10:06.965669,512,0.9630938880399195,32,8.633477029571479e-05,0.29610110488437125,1,512,0.003229016170608149,COMPLETE
122,0.5164861612694837,2026-07-19 21:21:44.989593,2026-07-19 21:32:50.093892,0 days 00:11:05.104299,512,0.973500804703234,32,6.570214015584104e-05,0.33405733434352003,1,512,0.0030801542395997926,COMPLETE
123,0.5159228080133917,2026-07-19 21:32:50.142673,2026-07-19 21:44:02.386141,0 days 00:11:12.243468,512,0.9856376794430309,32,0.00011696336565219385,0.2896094046566395,1,512,0.0034173230298609717,COMPLETE
124,0.5069624939386493,2026-07-19 21:44:02.434038,2026-07-19 21:54:19.090924,0 days 00:10:16.656886,512,0.9590107340814379,32,7.5190184646029e-05,0.3064673023271485,1,512,0.003782873173757622,COMPLETE
125,0.5006438751379245,2026-07-19 21:54:19.140434,2026-07-19 22:12:21.736105,0 days 00:18:02.595671,512,0.9800051521801016,128,6.155783663997616e-05,0.32043906856579973,1,32,0.0036649831983286843,COMPLETE
126,0.5147570159156364,2026-07-19 22:12:21.787425,2026-07-19 22:30:28.922506,0 days 00:18:07.135081,512,0.9996529814440184,32,7.018076486076952e-05,0.343947776421968,1,512,0.003547188781644661,COMPLETE
127,0.5134151767851377,2026-07-19 22:30:28.971278,2026-07-19 22:38:45.557197,0 days 00:08:16.585919,512,0.9504676898750485,32,9.835538491989459e-05,0.35819509600899774,1,128,0.003193096003081405,COMPLETE
128,0.5077317009187324,2026-07-19 22:38:45.605964,2026-07-19 22:58:11.370332,0 days 00:19:25.764368,128,0.930235871991441,32,5.264649570032605e-05,0.306222087549572,1,64,0.003377431941461428,COMPLETE
129,0.5101732882053726,2026-07-19 22:58:11.419021,2026-07-19 23:08:47.982266,0 days 00:10:36.563245,512,0.9376941628245248,32,5.932756330797488e-05,0.3285865192641936,1,512,0.003875045890892672,COMPLETE
130,0.5138089205976369,2026-07-19 23:08:48.033830,2026-07-19 23:18:49.978244,0 days 00:10:01.944414,512,0.9694200594433379,32,7.858656680949558e-05,0.32590154233127644,1,512,0.0039995539539580864,COMPLETE
131,0.5204220985481881,2026-07-19 23:18:50.029326,2026-07-19 23:31:34.866772,0 days 00:12:44.837446,512,0.9896215156136361,32,5.380722655269414e-05,0.3369715105693954,1,512,0.0031201351599203404,COMPLETE
132,0.5207103919153208,2026-07-19 23:31:34.917334,2026-07-19 23:47:13.704799,0 days 00:15:38.787465,512,0.989768441553522,32,5.082638672074421e-05,0.3379145750629746,1,512,0.0034500114211141924,COMPLETE
133,0.5133686960769843,2026-07-19 23:47:13.755275,2026-07-20 00:02:03.796723,0 days 00:14:50.041448,512,0.9916571457118146,32,5.0546832290236804e-05,0.3661934419343545,1,512,0.0034680372540148736,COMPLETE
134,0.5128204939097114,2026-07-20 00:02:03.847723,2026-07-20 00:18:13.674863,0 days 00:16:09.827140,512,0.977552904476786,64,5.495115768668187e-05,0.34174875749413414,2,512,0.003324823536514294,COMPLETE
135,0.5144511601820078,2026-07-20 00:18:13.724973,2026-07-20 00:29:47.283294,0 days 00:11:33.558321,512,0.9589615532726096,32,6.418228852632767e-05,0.33578013909629517,1,512,0.0031382635653636045,COMPLETE
136,0.5127978998461077,2026-07-20 00:29:47.334399,2026-07-20 00:43:53.654464,0 days 00:14:06.320065,512,0.9941517751842764,32,8.632401760415856e-05,0.3199570141077477,1,512,0.00331171421790078,COMPLETE
137,0.5103275313242243,2026-07-20 00:43:53.704701,2026-07-20 01:16:07.247639,0 days 00:32:13.542938,64,0.9730034247633531,512,0.0014692521641271308,0.28849567501457846,1,512,0.0030994942427447214,COMPLETE
138,0.5164466653109026,2026-07-20 01:16:07.299663,2026-07-20 01:27:06.568328,0 days 00:10:59.268665,512,0.9473880941063827,256,7.295195615314516e-05,0.37630799109315577,1,512,0.003575297741464941,COMPLETE
139,0.5116737966227702,2026-07-20 01:27:06.617883,2026-07-20 01:40:52.601680,0 days 00:13:45.983797,512,0.9878301822284862,32,6.810300587542762e-05,0.30564424196909784,1,512,0.0036799795978366212,COMPLETE
140,0.5087433681286161,2026-07-20 01:40:52.652218,2026-07-20 01:52:31.922419,0 days 00:11:39.270201,512,0.9801758581305562,32,6.165439638920746e-05,0.31289349634600827,1,512,0.004425904573452432,COMPLETE
141,0.5207628252111459,2026-07-20 01:52:31.973469,2026-07-20 02:06:22.722867,0 days 00:13:50.749398,512,0.985935896637943,32,5.301020038931871e-05,0.34888614255934064,1,512,0.0032798908895648373,COMPLETE
142,0.5113528454962306,2026-07-20 02:06:22.774287,2026-07-20 02:17:46.612747,0 days 00:11:23.838460,512,0.9664614869418601,32,5.9727483382284394e-05,0.35736621854077055,1,512,0.003429944903134001,COMPLETE
143,0.49269862467625153,2026-07-20 02:17:46.663533,2026-07-20 02:43:46.819980,0 days 00:26:00.156447,512,0.9928773842152365,32,5.407803134892175e-05,0.35126989607344017,1,32,0.0030305248179636015,COMPLETE
144,0.5200080657751329,2026-07-20 02:43:46.869753,2026-07-20 03:04:33.166315,0 days 00:20:46.296562,512,0.9995326902063463,32,5.056194407224742e-05,0.33950229339824795,1,512,0.003211457265084922,COMPLETE
145,0.5103971569930589,2026-07-20 03:04:33.217066,2026-07-20 03:20:31.683484,0 days 00:15:58.466418,512,0.9847223728509049,32,5.116096264999529e-05,0.33599164799603837,1,512,0.0032713130718145036,COMPLETE
146,0.5179805858472688,2026-07-20 03:20:31.737201,2026-07-20 03:33:32.755124,0 days 00:13:01.017923,512,0.9922569136395463,32,7.962129782506435e-05,0.3172552390470378,1,512,0.0032106554904701707,COMPLETE
147,0.5079738642036868,2026-07-20 03:33:32.808027,2026-07-20 03:53:26.508473,0 days 00:19:53.700446,512,0.9991256853739391,32,5.622107654419212e-05,0.2976267723364652,1,512,0.0033682252407701506,COMPLETE
148,0.5135377656768159,2026-07-20 03:53:26.559410,2026-07-20 04:04:55.969986,0 days 00:11:29.410576,512,0.960603170288934,32,7.348708986180834e-05,0.34565033817723234,1,512,0.0031237485702434015,COMPLETE
149,0.521388261406325,2026-07-20 04:04:56.022392,2026-07-20 04:15:59.516890,0 days 00:11:03.494498,512,0.9738047074738732,32,6.445940181387799e-05,0.3289297223111739,1,512,0.0034981168200840544,COMPLETE
150,0.5174705585546008,2026-07-20 04:15:59.568546,2026-07-20 04:26:54.936668,0 days 00:10:55.368122,512,0.9792040811687028,32,5.052193204528794e-05,0.3284103221518421,1,512,0.0035055393962395084,COMPLETE
151,0.5152009607811739,2026-07-20 04:26:54.988785,2026-07-20 04:38:10.418998,0 days 00:11:15.430213,512,0.9695621688538103,32,6.416507989703595e-05,0.3194943098975145,1,512,0.0032945694090056833,COMPLETE
152,0.512435696565962,2026-07-20 04:38:10.474020,2026-07-20 04:50:21.598887,0 days 00:12:11.124867,512,0.9867768353375973,32,8.912422100821708e-05,0.2981895815672955,1,512,0.003597421075770966,COMPLETE
153,0.5070045706592985,2026-07-20 04:50:21.651233,2026-07-20 05:01:09.148071,0 days 00:10:47.496838,512,0.9534888180995817,32,5.653697459341514e-05,0.3330537827160574,1,512,0.003192255835555735,COMPLETE
154,0.5101183801567096,2026-07-20 05:01:09.200780,2026-07-20 05:21:54.826640,0 days 00:20:45.625860,128,0.9986860689436146,128,6.945003995889009e-05,0.3087365856683197,1,512,0.0034323212680966836,COMPLETE
155,0.5103867465723794,2026-07-20 05:21:54.879570,2026-07-20 05:33:56.128556,0 days 00:12:01.248986,512,0.9795617520781585,32,7.954171759510705e-05,0.34511813603897,2,128,0.003357593036020058,COMPLETE
