number,value,datetime_start,datetime_complete,duration,params_batch,params_dp,params_lr,params_ls,params_out_ch,params_wd,state
0,0.4800463764684191,2026-07-21 06:50:01.862930,2026-07-21 06:56:47.018813,0 days 00:06:45.155883,256,0.5293752268222868,0.000972987378999979,0.9669696651992127,128,0.0005097836724755546,COMPLETE
1,0.48344039555360474,2026-07-21 06:56:47.145985,2026-07-21 07:06:59.019278,0 days 00:10:11.873293,128,0.9016392981961276,0.0014648948901407075,0.8304600266533825,32,0.0018183480041300678,COMPLETE
2,0.41112761984434726,2026-07-21 07:06:59.072198,2026-07-21 07:15:33.789627,0 days 00:08:34.717429,128,0.6672901834068441,0.0010089790058670253,0.9678648205632607,64,0.0019139903173327063,COMPLETE
3,0.4691817512887691,2026-07-21 07:15:33.837251,2026-07-21 07:37:09.563096,0 days 00:21:35.725845,64,0.19581613216490268,0.0014562071420816194,0.004715036512824122,128,0.0006768526157772044,COMPLETE
4,0.48647406217198247,2026-07-21 07:37:09.608881,2026-07-21 07:42:37.811593,0 days 00:05:28.202712,256,0.04656119868413966,0.0011836141564069513,0.3178521392761905,64,0.001097483907274971,COMPLETE
5,0.46577797304008234,2026-07-21 07:42:37.866190,2026-07-21 07:53:01.294090,0 days 00:10:23.427900,128,0.8920979644338903,0.001505628018612595,0.4777164519705971,64,0.001394666707745671,COMPLETE
6,0.4645551241967341,2026-07-21 07:53:01.331901,2026-07-21 07:58:20.155226,0 days 00:05:18.823325,512,0.4103740227076208,0.0011446461405953923,0.7926975672924004,32,0.0011145969251813406,COMPLETE
7,0.5060990898941027,2026-07-21 07:58:20.213052,2026-07-21 08:02:10.840509,0 days 00:03:50.627457,512,0.5812369771139025,0.001052938386762183,0.06500790728023276,64,0.002474699800347167,COMPLETE
8,0.4773646445860237,2026-07-21 08:02:10.893089,2026-07-21 08:12:35.330143,0 days 00:10:24.437054,512,0.15259798491390852,0.0013765731446316507,0.14966124347535237,512,0.0027029346615470955,COMPLETE
9,0.4922723169287786,2026-07-21 08:12:35.379659,2026-07-21 08:18:28.379619,0 days 00:05:52.999960,256,0.74788110598195,0.0011766513471249327,0.37556176752585224,32,0.0005115287320868202,COMPLETE
10,0.49146118151913415,2026-07-21 08:18:28.424948,2026-07-21 08:25:00.543806,0 days 00:06:32.118858,512,0.39773589996181635,0.0008339492870847755,0.6307515583968809,256,0.0034812528702481424,COMPLETE
11,0.49140001348996265,2026-07-21 08:25:00.589968,2026-07-21 08:30:26.532865,0 days 00:05:25.942897,256,0.7197112365278062,0.001987995776119026,0.2823527363211466,32,0.0007669269655389972,COMPLETE
12,0.4856010485737698,2026-07-21 08:30:26.579207,2026-07-21 08:49:24.651959,0 days 00:18:58.072752,64,0.7082243886588409,0.0011843973620476419,0.03256798611289214,512,0.0023965805189341354,COMPLETE
13,,2026-07-21 08:38:02.937192,2026-07-21 08:38:03.077733,0 days 00:00:00.140541,64,0.7243055422468482,0.0011668663910661735,0.39336014340099185,256,0.0005236245046644209,FAIL
14,0.4845107933382199,2026-07-21 08:49:24.699029,2026-07-21 08:54:51.085038,0 days 00:05:26.386009,512,0.9997969458221794,0.0009559388612835733,0.4166301939646715,256,0.0008357539256473309,COMPLETE
15,0.4889778820139455,2026-07-21 08:54:51.135675,2026-07-21 09:00:51.496188,0 days 00:06:00.360513,256,0.5545614803244896,0.0008457498891009322,0.18758018089827178,64,0.0013245732705312462,COMPLETE
16,0.5007794778949569,2026-07-21 09:00:51.544888,2026-07-21 09:05:26.630338,0 days 00:04:35.085450,512,0.8149776594520867,0.0012982006863278966,0.5456965003794674,32,0.0005565247395873472,COMPLETE
17,0.5050014031193971,2026-07-21 09:05:26.678202,2026-07-21 09:11:46.153469,0 days 00:06:19.475267,512,0.5578930161182878,0.0016292939115009513,0.580571468299919,32,0.001867498146475065,COMPLETE
18,0.4933500223281571,2026-07-21 09:11:46.221800,2026-07-21 09:17:30.588229,0 days 00:05:44.366429,512,0.3723336862856098,0.0017105142052236913,0.6755826857475078,64,0.00200717966999304,COMPLETE
19,0.4769383201447912,2026-07-21 09:17:30.645172,2026-07-21 09:23:46.425896,0 days 00:06:15.780724,512,0.554556591121836,0.0019751379951317483,0.16722886473449214,256,0.003405562678939001,COMPLETE
20,0.4672912122570752,2026-07-21 09:23:46.472856,2026-07-21 09:30:22.101559,0 days 00:06:35.628703,512,0.6005978449170039,0.0016721200445576846,0.781622569621365,128,0.002598616546668153,COMPLETE
21,0.48051414962567274,2026-07-21 09:30:22.164401,2026-07-21 10:02:09.508285,0 days 00:31:47.343884,64,0.28908938942477436,0.0017309862691843982,0.6196959890907261,512,0.0015555794030272976,COMPLETE
22,0.5065400155887005,2026-07-21 10:02:09.576421,2026-07-21 10:08:23.954380,0 days 00:06:14.377959,512,0.820054612548694,0.0013163627431309012,0.5425262505535423,32,0.0022360613139606497,COMPLETE
23,0.5027288308601572,2026-07-21 10:08:24.015819,2026-07-21 10:14:04.374959,0 days 00:05:40.359140,512,0.4580907643276209,0.001041921712397444,0.5078609846837944,32,0.0021343765016149548,COMPLETE
24,0.4989365339892505,2026-07-21 10:14:04.431580,2026-07-21 10:23:21.809076,0 days 00:09:17.377496,512,0.8196577171246604,0.0013212731761077824,0.729533759586077,32,0.002832692023131244,COMPLETE
25,0.5030597274874389,2026-07-21 10:23:21.876959,2026-07-21 10:30:43.106402,0 days 00:07:21.229443,512,0.6561962031836576,0.0015697821394694712,0.5826283675578658,32,0.0015836899787318379,COMPLETE
26,0.5055479728628475,2026-07-21 10:30:43.155746,2026-07-21 10:36:57.271742,0 days 00:06:14.115996,512,0.4844447820708866,0.0009037474334124047,0.4423719936731546,64,0.002991001682257953,COMPLETE
27,0.5022003914307294,2026-07-21 10:36:57.320412,2026-07-21 10:44:03.161651,0 days 00:07:05.841239,512,0.2882205600554225,0.0009145561879743152,0.2624234501327264,64,0.003122678859492665,COMPLETE
28,0.5031197874585651,2026-07-21 10:44:03.230825,2026-07-21 10:51:12.037548,0 days 00:07:08.806723,512,0.4708570719619961,0.0010640414641357092,0.4384704242889428,64,0.0021481639182133624,COMPLETE
29,0.4689930957811738,2026-07-21 10:51:12.087981,2026-07-21 11:18:13.058317,0 days 00:27:00.970336,64,0.9539688053944264,0.0009071952541817484,0.07733385756915023,64,0.0024172139188425,COMPLETE
30,0.48008175779767615,2026-07-21 11:18:13.120869,2026-07-21 11:34:25.235962,0 days 00:16:12.115093,128,0.48302969773700805,0.001094098514168836,0.8666648263144117,128,0.0030004113961016312,COMPLETE
31,0.4962539520473903,2026-07-21 11:34:25.304090,2026-07-21 11:39:24.346208,0 days 00:04:59.042118,512,0.8131050696539781,0.0008028858576365328,0.36230334443480794,64,0.0022984178396160955,COMPLETE
32,0.5063941270299506,2026-07-21 11:39:24.396848,2026-07-21 11:44:36.737101,0 days 00:05:12.340253,512,0.6233329215885997,0.0018379623560383865,0.7057190503842632,32,0.0017481026708870934,COMPLETE
33,0.4525646768533057,2026-07-21 11:44:36.808791,2026-07-21 11:51:45.958212,0 days 00:07:09.149421,512,0.6234798115639386,0.0009401569094305242,0.8980879650290144,32,0.0017623078819449765,COMPLETE
34,0.47769280086490157,2026-07-21 11:51:46.010999,2026-07-21 11:57:49.703045,0 days 00:06:03.692046,512,0.7810222977791935,0.0009981540912386633,0.7346238197121844,64,0.002533395379761664,COMPLETE
35,0.49220968323482794,2026-07-21 11:57:49.750701,2026-07-21 12:09:21.445410,0 days 00:11:31.694709,128,0.8683283803479384,0.0008989298523812828,0.6978040585889256,32,0.0016980721609972532,COMPLETE
36,0.49257213978073566,2026-07-21 12:09:21.496938,2026-07-21 12:14:58.120233,0 days 00:05:36.623295,512,0.6483724025435661,0.0018484943822838834,0.48086421326783324,128,0.002148603468513448,COMPLETE
37,0.47484266636893635,2026-07-21 12:14:58.173996,2026-07-21 12:30:17.375723,0 days 00:15:19.201727,128,0.5195589839093621,0.0013140718612355837,0.6476559673400095,64,0.0030669088373169993,COMPLETE
38,0.49891514599659276,2026-07-21 12:30:17.424985,2026-07-21 12:34:16.961944,0 days 00:03:59.536959,512,0.3273381079611336,0.0014143521624960561,0.2476710960684937,64,0.0013175745982753689,COMPLETE
39,0.49410015644359484,2026-07-21 12:34:17.009411,2026-07-21 13:02:01.322664,0 days 00:27:44.313253,64,0.6984530315301405,0.0012392659445833224,0.9012019522791208,512,0.0019521942568534341,COMPLETE
40,0.3956940309084849,2026-07-21 13:02:01.372113,2026-07-21 13:08:03.362320,0 days 00:06:01.990207,256,0.2014189074173507,0.001497193247248761,0.9739770643654768,32,0.001473963061219799,COMPLETE
41,0.4878809127954902,2026-07-21 13:08:03.410830,2026-07-21 13:12:27.006317,0 days 00:04:23.595487,512,0.5918840815615185,0.0011014683513533516,0.8070179690636688,256,0.0028144209116769603,COMPLETE
42,0.4914472838175542,2026-07-21 13:12:27.054816,2026-07-21 13:16:22.691890,0 days 00:03:55.637074,512,0.532671322270592,0.0015804640022601018,0.5606762257031613,32,0.0018342214686575555,COMPLETE
43,0.49086083732947344,2026-07-21 13:16:22.740203,2026-07-21 13:20:29.508936,0 days 00:04:06.768733,512,0.5889900620031854,0.001820616767745841,0.5327555631342544,32,0.0022671012804502807,COMPLETE
44,0.5231191890031475,2026-07-21 13:20:29.557566,2026-07-21 13:24:33.686710,0 days 00:04:04.129144,512,0.4169372109280758,0.001613361315933082,0.6062783373816824,32,0.0019379883804907293,COMPLETE
45,0.48652786208892335,2026-07-21 13:24:33.743800,2026-07-21 13:28:53.561454,0 days 00:04:19.817654,512,0.41196290443233824,0.0018524240122841733,0.11325148119117534,32,0.0012099612845292544,COMPLETE
46,0.49140520644546165,2026-07-21 13:28:53.620046,2026-07-21 13:33:12.472032,0 days 00:04:18.851986,512,0.4392365124916184,0.0008620554736267132,0.4431093152464579,32,0.0016660937824490823,COMPLETE
47,0.475240904231307,2026-07-21 13:33:12.520592,2026-07-21 13:39:08.080960,0 days 00:05:55.560368,256,0.5015641934029893,0.0012432789566957936,0.35497319051674225,64,0.0026147074922094286,COMPLETE
48,0.4829457083532445,2026-07-21 13:39:08.129408,2026-07-21 13:43:54.743147,0 days 00:04:46.613739,512,0.746619203979581,0.0017919138225260319,0.7478512556089232,32,0.0020197428420546198,COMPLETE
49,0.46529894097612506,2026-07-21 13:43:54.791337,2026-07-21 13:54:59.495025,0 days 00:11:04.703688,128,0.34445856607683334,0.0018998074047687024,0.6129820523555958,128,0.0009609753219921958,COMPLETE
50,0.4538582797257028,2026-07-21 13:54:59.544668,2026-07-21 14:05:01.848973,0 days 00:10:02.304305,512,0.2103934377391498,0.0009831462142860581,0.6694708392216249,512,0.002402545693600402,COMPLETE
51,0.4712574929321211,2026-07-21 14:05:01.897642,2026-07-21 14:24:34.129816,0 days 00:19:32.232174,64,0.03476424828916269,0.0014455948698017045,0.00044941610699279766,256,0.0031407589226099754,COMPLETE
52,0.5011539354032212,2026-07-21 14:24:34.182782,2026-07-21 14:28:50.106939,0 days 00:04:15.924157,512,0.5592279068505646,0.0016258020382545603,0.5957463118381524,32,0.0018687871276326681,COMPLETE
53,0.48031754074355815,2026-07-21 14:28:50.157337,2026-07-21 14:32:43.836002,0 days 00:03:53.678665,512,0.6903620953669213,0.001733698849198908,0.5029946200524811,32,0.0020048110561640946,COMPLETE
54,0.5053839383989439,2026-07-21 14:32:43.884418,2026-07-21 14:37:05.773268,0 days 00:04:21.888850,512,0.4311826825128851,0.0015809731288261605,0.702425681228173,32,0.0014586153097651295,COMPLETE
55,0.47785218043448985,2026-07-21 14:37:05.822446,2026-07-21 14:41:43.888466,0 days 00:04:38.066020,512,0.40089403747176994,0.0015465704240348124,0.7737499247088796,32,0.0013864202678974219,COMPLETE
56,0.49386100296429974,2026-07-21 14:41:43.937216,2026-07-21 14:46:04.181779,0 days 00:04:20.244563,512,0.2510708364175682,0.0013677215952767458,0.7132726507200506,32,0.0011426372336347998,COMPLETE
57,0.48814029810667514,2026-07-21 14:46:04.229757,2026-07-21 14:52:29.681250,0 days 00:06:25.451493,256,0.3640651135694371,0.0016441436984717978,0.20799674685595648,64,0.0015478625894865521,COMPLETE
58,0.4972532718386602,2026-07-21 14:52:29.732093,2026-07-21 14:56:51.172442,0 days 00:04:21.440349,512,0.4259250893441713,0.0019411538746750513,0.652343368867409,32,0.0033948013142978354,COMPLETE
59,0.48068204909639595,2026-07-21 14:56:51.221520,2026-07-21 15:03:03.897955,0 days 00:06:12.676435,512,0.078994069830084,0.0011321979802166428,0.8445787832386926,64,0.001019912643569088,COMPLETE
60,0.4878606528040661,2026-07-21 15:03:03.951338,2026-07-21 15:07:18.166167,0 days 00:04:14.214829,512,0.45253774111973855,0.0015198562700601051,0.41677766030902125,32,0.0028121194790212845,COMPLETE
61,0.4710369317700122,2026-07-21 15:07:18.215636,2026-07-21 15:15:04.144147,0 days 00:07:45.928511,512,0.9301297165794489,0.0010437463746362564,0.308662268165161,512,0.0022354023343279447,COMPLETE
62,0.5043705182244177,2026-07-21 15:15:04.192939,2026-07-21 15:19:13.404172,0 days 00:04:09.211233,512,0.4955445710231712,0.0017022741898923518,0.5940382571220527,32,0.0017346331823304445,COMPLETE
63,0.503178863735775,2026-07-21 15:19:13.465846,2026-07-21 15:23:24.191794,0 days 00:04:10.725948,512,0.6323617231791109,0.001611689144794029,0.554648353776005,32,0.0016240351910337147,COMPLETE
64,0.4871012024898561,2026-07-21 15:23:24.240980,2026-07-21 15:28:11.435218,0 days 00:04:47.194238,512,0.565550391380995,0.0017437836185035165,0.6826867689396872,32,0.0014674069840368313,COMPLETE
65,0.4935583328453809,2026-07-21 15:28:11.496913,2026-07-21 15:32:24.013897,0 days 00:04:12.516984,512,0.5322428362695402,0.0014039972023440904,0.6303246904014124,32,0.0020773277109158573,COMPLETE
66,0.4713781750143755,2026-07-21 15:32:24.063821,2026-07-21 15:37:56.547848,0 days 00:05:32.484027,512,0.4658250734351978,0.0014602359297675878,0.5360898438502082,256,0.00247552201111225,COMPLETE
67,0.480678075346763,2026-07-21 15:37:56.596825,2026-07-21 15:57:05.125968,0 days 00:19:08.529143,64,0.6154171786512028,0.001795384779442611,0.464367246068071,64,0.001896786671886628,COMPLETE
68,0.4756885846771204,2026-07-21 15:57:05.175588,2026-07-21 16:03:41.792566,0 days 00:06:36.616978,512,0.6779976717219964,0.0012255480499381104,0.7614667057109883,128,0.0012622657669039163,COMPLETE
69,0.4889946566978932,2026-07-21 16:03:41.841241,2026-07-21 16:13:42.186922,0 days 00:10:00.345681,128,0.3776653051778236,0.0016724925040209455,0.7067115282541767,32,0.0022113245136593414,COMPLETE
70,0.5049513011978632,2026-07-21 16:13:42.235322,2026-07-21 16:17:42.081868,0 days 00:03:59.846546,512,0.31384360370905284,0.0008804201158547551,0.5173887315682251,64,0.001765446755617173,COMPLETE
71,0.4973538365324179,2026-07-21 16:17:42.132627,2026-07-21 16:23:23.137151,0 days 00:05:41.004524,256,0.8712848384322368,0.0009522424060302883,0.6339910549517144,32,0.0014851631659174617,COMPLETE
72,0.4906958708790703,2026-07-21 16:23:23.187296,2026-07-21 16:27:18.999551,0 days 00:03:55.812255,512,0.3101923406144421,0.0008730559068058247,0.5112564500340712,64,0.0017931091774746086,COMPLETE
73,0.5031708038251065,2026-07-21 16:27:19.048079,2026-07-21 16:31:11.130438,0 days 00:03:52.082359,512,0.25889928920805927,0.0008370414908310237,0.5742556483210044,64,0.0019371508181801388,COMPLETE
74,0.5009586277970427,2026-07-21 16:31:11.178471,2026-07-21 16:35:00.667327,0 days 00:03:49.488856,512,0.5195549524925305,0.0008058634973050732,0.047448222264497686,64,0.0026673600583355453,COMPLETE
75,0.4788606689567112,2026-07-21 16:35:00.716142,2026-07-21 16:39:09.125439,0 days 00:04:08.409297,512,0.38331332286631753,0.0008824486042648579,0.6621979204627653,64,0.002344580261070202,COMPLETE
76,0.5025020513778256,2026-07-21 16:39:09.174500,2026-07-21 16:42:58.541094,0 days 00:03:49.366594,512,0.5858158752746433,0.0009271416530481286,0.5058890592841548,64,0.0016557620295085827,COMPLETE
77,0.4770990935382388,2026-07-21 16:42:58.593674,2026-07-21 16:48:12.189499,0 days 00:05:13.595825,512,0.43418538406560714,0.0014985420955998924,0.8077060785854311,32,0.0021056041951596407,COMPLETE
78,0.49934395251046587,2026-07-21 16:48:12.238775,2026-07-21 16:52:05.662374,0 days 00:03:53.423599,512,0.7401578157520938,0.001277988008005555,0.39044672505757844,64,0.0017582398698992416,COMPLETE
79,0.5020303614468734,2026-07-21 16:52:05.711482,2026-07-21 16:56:45.012771,0 days 00:04:39.301289,512,0.34701725812616124,0.0010227590997497424,0.4743549211112037,32,0.0006068800862517746,COMPLETE
80,0.49425297498206605,2026-07-21 16:56:45.061997,2026-07-21 17:22:20.337224,0 days 00:25:35.275227,64,0.14442769671368152,0.0011599976989595257,0.6040632374599455,512,0.0029148825074807694,COMPLETE
81,0.47673600849281017,2026-07-21 17:22:20.400612,2026-07-21 17:27:45.922278,0 days 00:05:25.521666,512,0.775008189686422,0.0015831681118599038,0.5686027474472374,256,0.0015629052330588301,COMPLETE
82,0.49870299418564223,2026-07-21 17:27:45.973711,2026-07-21 17:31:48.720892,0 days 00:04:02.747181,512,0.49969517734557567,0.001683460460313616,0.5948277156730173,32,0.0017476831882458365,COMPLETE
83,0.49739148575839837,2026-07-21 17:31:48.772309,2026-07-21 17:35:57.791755,0 days 00:04:09.019446,512,0.47944263161454426,0.001883695137792571,0.5349157759243357,32,0.0018511972574244502,COMPLETE
84,0.5079208231288895,2026-07-21 17:35:57.841641,2026-07-21 17:39:56.810497,0 days 00:03:58.968856,512,0.6583090577532832,0.0017615563944409361,0.6895366384231986,32,0.0013924420120965315,COMPLETE
85,0.49992547769660683,2026-07-21 17:39:56.860472,2026-07-21 17:44:46.926359,0 days 00:04:50.065887,512,0.5715879663645305,0.0019816183025653843,0.6882110091676815,32,0.0013389752157520792,COMPLETE
86,0.4970978484995082,2026-07-21 17:44:46.977135,2026-07-21 17:54:13.431214,0 days 00:09:26.454079,128,0.6417785513019035,0.0017667896627440076,0.6275631351757496,32,0.0014241447674197669,COMPLETE
87,0.4623742350651954,2026-07-21 17:54:13.480846,2026-07-21 17:58:26.846661,0 days 00:04:13.365815,512,0.6109019527231722,0.0016361489609702212,0.9324014009182029,128,0.0012216088325385918,COMPLETE
88,0.49202718937844386,2026-07-21 17:58:26.897020,2026-07-21 18:03:22.410287,0 days 00:04:55.513267,512,0.6630212081184104,0.0009704773911907983,0.7325352958670491,64,0.002035795135729752,COMPLETE
89,0.5135793744122363,2026-07-21 18:03:22.460462,2026-07-21 18:07:19.064397,0 days 00:03:56.603935,512,0.5417179672424224,0.0018345278963387505,0.12207936918704676,32,0.0024780015902596164,COMPLETE
90,0.513999425108162,2026-07-21 18:07:19.114417,2026-07-21 18:11:23.177533,0 days 00:04:04.063116,512,0.5356302211664316,0.001932047488613736,0.11411964679890005,32,0.0024594003100437303,COMPLETE
91,0.49807688899572056,2026-07-21 18:11:23.240392,2026-07-21 18:16:27.780819,0 days 00:05:04.540427,256,0.7197280727152108,0.001916268816700838,0.12218246079588357,32,0.0025781129235311097,COMPLETE
92,0.5030359051481088,2026-07-21 18:16:27.832136,2026-07-21 18:20:32.693718,0 days 00:04:04.861582,512,0.5405984286491657,0.0018413633693215453,0.08578778826902733,32,0.002756457635038969,COMPLETE
93,0.48725355810444276,2026-07-21 18:20:32.744410,2026-07-21 18:24:18.508012,0 days 00:03:45.763602,512,0.512550495166394,0.001796371707526571,0.19132198360389416,32,0.002489572886331004,COMPLETE
94,0.49492778544133176,2026-07-21 18:24:18.568045,2026-07-21 18:28:09.640481,0 days 00:03:51.072436,512,0.5414914691295802,0.0019282518363220068,0.028055383283611075,32,0.0032104474706118455,COMPLETE
95,0.5041142274056154,2026-07-21 18:28:09.691482,2026-07-21 18:32:27.265814,0 days 00:04:17.574332,512,0.4532075530794903,0.0018663058249672971,0.1413353704735762,32,0.0023385660163688605,COMPLETE
96,0.5019097778480682,2026-07-21 18:32:27.316387,2026-07-21 18:36:20.523101,0 days 00:03:53.206714,512,0.42022271703305175,0.0017060821283967677,0.06555829404311442,32,0.0029940171012330244,COMPLETE
97,0.502740063041764,2026-07-21 18:36:20.571118,2026-07-21 18:40:42.076288,0 days 00:04:21.505170,512,0.5716579248619024,0.0017595135166965522,0.08975755984408303,32,0.0021829968982742735,COMPLETE
98,0.4943175641742444,2026-07-21 18:40:42.123679,2026-07-21 18:44:43.466648,0 days 00:04:01.342969,512,0.5958977471518742,0.0015489914507985593,0.2415584312520619,32,0.0026836265846729647,COMPLETE
99,0.502554591080298,2026-07-21 18:44:43.636783,2026-07-21 18:48:32.331904,0 days 00:03:48.695121,512,0.47912729585955177,0.001965215692223977,0.1598779804050838,32,0.0019563613717536155,COMPLETE
100,0.4767220632999182,2026-07-21 18:48:32.379544,2026-07-21 19:05:05.404288,0 days 00:16:33.024744,64,0.8399824192078977,0.0018219147255954114,0.10960915372435773,32,0.002464145750943344,COMPLETE
101,0.4991221766400664,2026-07-22 07:59:31.349063,2026-07-22 08:05:03.720738,0 days 00:05:32.371675,512,0.5777171402220671,0.002414672687717356,0.6516669389148477,32,0.0023058775046019965,COMPLETE
102,0.49955203303061907,2026-07-22 08:05:03.778349,2026-07-22 08:10:50.376004,0 days 00:05:46.597655,512,0.5522359931972237,0.0007262965705843596,0.6751175968540025,64,0.001709725473942344,COMPLETE
103,0.5033122620411865,2026-07-22 08:10:50.432476,2026-07-22 08:16:43.817031,0 days 00:05:53.384555,512,0.6062220619896266,0.000594044177117317,0.6951410750226492,32,0.0015103543203063155,COMPLETE
104,0.49414051360059047,2026-07-22 08:16:43.883594,2026-07-22 08:22:26.239051,0 days 00:05:42.355457,512,0.5470805117019257,0.0020779037913167073,0.5226994928368394,64,0.001595723992386061,COMPLETE
105,0.48740179474280054,2026-07-22 08:22:26.292233,2026-07-22 08:34:08.725292,0 days 00:11:42.433059,512,0.6211559253858382,0.002034564223715326,0.022116960941961576,512,0.0018165095861359763,COMPLETE
106,0.5001215376154553,2026-07-22 08:34:08.796149,2026-07-22 08:45:11.891566,0 days 00:11:03.095417,128,0.5146822946246431,0.0007991964552329699,0.553579850926626,32,0.0025567093584323262,COMPLETE
107,0.4828816034599112,2026-07-22 08:45:11.937887,2026-07-22 08:51:53.626324,0 days 00:06:41.688437,512,0.49089077056922803,0.0020582304520445514,0.6461110591212216,128,0.0019057518258557577,COMPLETE
108,0.49384350980104813,2026-07-22 08:51:53.677102,2026-07-22 08:57:07.402525,0 days 00:05:13.725423,512,0.524927424400525,0.002160252793247351,0.5780414433389351,64,0.002389646521701251,COMPLETE
109,0.49691042614047914,2026-07-22 08:57:07.460005,2026-07-22 09:05:19.093398,0 days 00:08:11.633393,512,0.5606890006304736,0.002214979024762902,0.660960679387498,256,0.0013696594236122244,COMPLETE
110,0.4868054669730358,2026-07-22 09:05:19.142912,2026-07-22 09:12:31.896417,0 days 00:07:12.753505,256,0.5069699446499673,0.0011182406021905589,0.6094779729520869,32,0.0019832522851492332,COMPLETE
111,0.484752824474035,2026-07-22 09:12:31.955272,2026-07-22 09:18:05.325262,0 days 00:05:33.369990,512,0.5812930426639097,0.0007612405637896685,0.6416388976547656,32,0.0020558116700557685,COMPLETE
112,0.5034784386853465,2026-07-22 09:18:05.383936,2026-07-22 09:22:51.428392,0 days 00:04:46.044456,512,0.49095201191201876,0.0013508628563278198,0.5884432320751438,32,0.001698934836177176,COMPLETE
113,0.5028866941637273,2026-07-22 09:22:51.480586,2026-07-22 09:27:52.704766,0 days 00:05:01.224180,512,0.46804880994304476,0.0010771024147218792,0.05894260518790026,32,0.0017826741530999651,COMPLETE
114,0.4881514316054757,2026-07-22 09:27:52.766964,2026-07-22 09:33:43.615720,0 days 00:05:50.848756,512,0.43950385482786614,0.000703452048742442,0.6182777670774291,32,0.0016151030886489396,COMPLETE
115,0.4966350669955265,2026-07-22 09:33:43.677329,2026-07-22 09:39:02.178451,0 days 00:05:18.501122,512,0.5303077186247113,0.0016052383654020749,0.4903906395205016,32,0.0014217253751074538,COMPLETE
116,0.4938562706494823,2026-07-22 09:39:02.244451,2026-07-22 09:44:41.323909,0 days 00:05:39.079458,512,0.3889341302740281,0.002150587893086447,0.5631346439663881,64,0.0018771392556502355,COMPLETE
117,0.4907718304485062,2026-07-22 09:44:41.392655,2026-07-22 09:49:38.577047,0 days 00:04:57.184392,512,0.35761258640456617,0.0014342745097770018,0.3277315810161674,32,0.00165478402353986,COMPLETE
118,0.5082304791684374,2026-07-22 09:49:38.637932,2026-07-22 09:54:40.412126,0 days 00:05:01.774194,512,0.6294190061371503,0.001680108716329946,0.44660196187555484,32,0.0012818810125940236,COMPLETE
119,0.4787563356757,2026-07-22 09:54:40.470712,2026-07-22 10:00:02.346924,0 days 00:05:21.876212,512,0.642471528966688,0.0015056722614897378,0.43674468814000905,32,0.0013217248774536478,COMPLETE
120,0.5048258975089642,2026-07-22 10:00:02.407817,2026-07-22 10:05:19.253726,0 days 00:05:16.845909,512,0.6710094644501698,0.0011959328804056891,0.40525028523534995,64,0.0012590775829073668,COMPLETE
121,0.48294750264415837,2026-07-22 10:05:19.319344,2026-07-22 10:25:22.435105,0 days 00:20:03.115761,64,0.5933206159237912,0.0016860692246864653,0.45397079368521753,32,0.0011668047866612735,COMPLETE
122,0.5092586782116796,2026-07-22 10:25:22.486769,2026-07-22 10:29:20.099554,0 days 00:03:57.612785,512,0.6672228875995372,0.000993716874223171,0.41668466381884955,64,0.00121958486266175,COMPLETE
123,0.5167578188012019,2026-07-22 10:29:20.150928,2026-07-22 10:33:26.196731,0 days 00:04:06.045803,512,0.6535504261877917,0.0008957037084404091,0.42498690408127937,64,0.0012824354067145223,COMPLETE
124,0.5019397895191631,2026-07-22 10:33:26.248907,2026-07-22 10:37:17.617839,0 days 00:03:51.368932,512,0.6499498802784519,0.0010100672921608163,0.3731154553177407,64,0.0012757258588315965,COMPLETE
125,0.5173899678313052,2026-07-22 10:37:17.669724,2026-07-22 10:41:22.469938,0 days 00:04:04.800214,512,0.6807514315524403,0.0009087524068894807,0.407560964429673,64,0.0011925261260847407,COMPLETE
126,0.515231186201333,2026-07-22 10:41:22.521630,2026-07-22 10:45:07.635898,0 days 00:03:45.114268,512,0.6855451406368268,0.0009155088162693699,0.42264149456484545,64,0.0011912057227450026,COMPLETE
127,0.5114129839575238,2026-07-22 10:45:07.687574,2026-07-22 10:49:22.250271,0 days 00:04:14.562697,512,0.6905106002991069,0.0009168293238350109,0.41918664264063416,64,0.0010988674537412528,COMPLETE
128,0.5113170947130741,2026-07-22 10:49:22.303911,2026-07-22 10:53:22.187494,0 days 00:03:59.883583,512,0.6878239700549484,0.0009435057504925202,0.4263142470267214,64,0.0010848266494852374,COMPLETE
129,0.5150366941020766,2026-07-22 10:53:22.239469,2026-07-22 10:57:17.733909,0 days 00:03:55.494440,512,0.6884526939505086,0.000941316433034534,0.4173787420733806,64,0.001124433737567285,COMPLETE
130,0.5106372625842177,2026-07-22 10:57:17.781334,2026-07-22 11:01:15.563131,0 days 00:03:57.781797,512,0.6871946581570827,0.0009436262652771852,0.42150964084936476,64,0.0010888937072768543,COMPLETE
131,0.49425926037700585,2026-07-22 11:01:15.613659,2026-07-22 11:05:25.923919,0 days 00:04:10.310260,512,0.6916917722066035,0.000931097479493308,0.4232875118998671,64,0.0011062710522101017,COMPLETE
132,0.5017406212993416,2026-07-22 11:05:25.988385,2026-07-22 11:09:53.251766,0 days 00:04:27.263381,512,0.6826287307167224,0.0009772987623775221,0.42587589163075623,64,0.0010668021246732324,COMPLETE
133,0.49689089532398234,2026-07-22 11:09:53.302776,2026-07-22 11:13:55.059256,0 days 00:04:01.756480,512,0.7132256543754539,0.0009083073684712111,0.39493758351911107,64,0.0011780579676995498,COMPLETE
134,0.5058164989468957,2026-07-22 11:13:55.110986,2026-07-22 11:18:07.445928,0 days 00:04:12.334942,512,0.7045036895378678,0.0008517369985731352,0.40604065188742033,64,0.0011288147959636428,COMPLETE
135,0.5025205540943912,2026-07-22 11:18:07.510793,2026-07-22 11:22:17.025073,0 days 00:04:09.514280,512,0.7287485613970325,0.0009434848548860827,0.3472195004434755,64,0.0010842973757248429,COMPLETE
136,0.5048245822057307,2026-07-22 11:22:17.077279,2026-07-22 11:26:07.906484,0 days 00:03:50.829205,512,0.6596614822874274,0.0008937872974139666,0.45530947392305926,64,0.0012102029664355727,COMPLETE
137,0.500588694893211,2026-07-22 11:26:07.958797,2026-07-22 11:30:03.763819,0 days 00:03:55.805022,512,0.6721362848509069,0.0008300911381946429,0.37849163665954066,64,0.0010571876675002797,COMPLETE
138,0.47815911475842177,2026-07-22 11:30:03.815236,2026-07-22 11:38:43.164739,0 days 00:08:39.349503,128,0.6845867349168444,0.001047433982835584,0.43958856310516914,64,0.0011572360074366846,COMPLETE
139,0.5090680336896611,2026-07-22 11:38:43.216364,2026-07-22 11:42:25.792902,0 days 00:03:42.576538,512,0.6954530034399723,0.0009886350261267504,0.4061444740893806,64,0.0011905922607922004,COMPLETE
140,0.5051818131337336,2026-07-22 11:42:25.839824,2026-07-22 11:46:23.644724,0 days 00:03:57.804900,512,0.6959445389985253,0.000996392053106717,0.3957593691782403,64,0.001188325396801949,COMPLETE
141,0.5147689116545789,2026-07-22 11:46:23.705711,2026-07-22 11:50:27.759551,0 days 00:04:04.053840,512,0.7033221145975457,0.0009594763434067999,0.4680215667081586,64,0.0012266081819840918,COMPLETE
142,0.4866748594727647,2026-07-22 11:50:27.812608,2026-07-22 11:54:20.377327,0 days 00:03:52.564719,512,0.7060848297778133,0.0009589476428350922,0.4710839138268482,64,0.0012321985360677036,COMPLETE
143,0.506570886258656,2026-07-22 11:54:20.429879,2026-07-22 11:58:30.387292,0 days 00:04:09.957413,512,0.6749077805657822,0.0009191261754457513,0.4112772095919519,64,0.001118010576396166,COMPLETE
144,0.5069343910118981,2026-07-22 11:58:30.439361,2026-07-22 12:02:24.095412,0 days 00:03:53.656051,512,0.7203338791707391,0.0010238126161769144,0.42656407876669006,64,0.0012960034770471843,COMPLETE
145,0.5081781694197836,2026-07-22 12:02:24.147357,2026-07-22 12:06:18.826281,0 days 00:03:54.678924,512,0.6565325284599003,0.0008669590843721052,0.4507321918704386,64,0.0011925019209120633,COMPLETE
146,0.4969151914461806,2026-07-22 12:06:18.890274,2026-07-22 12:10:44.238431,0 days 00:04:25.348157,512,0.6851072315539304,0.0008631101782798579,0.486339894243939,64,0.0011918981557549736,COMPLETE
147,0.5115897800979962,2026-07-22 12:10:44.291275,2026-07-22 12:14:42.785894,0 days 00:03:58.494619,512,0.6988289354504322,0.0009612538897363879,0.4563132467923393,64,0.0012343099386411733,COMPLETE
148,0.5093516855989906,2026-07-22 12:14:42.837126,2026-07-22 12:18:40.370210,0 days 00:03:57.533084,512,0.6911482277599861,0.000975289713486497,0.3752737464570666,64,0.0012407162762043875,COMPLETE
149,0.4818817611176053,2026-07-22 12:18:40.433604,2026-07-22 12:22:41.044425,0 days 00:04:00.610821,512,0.7335090357849713,0.000985134094619587,0.3784740657823219,64,0.0011448304368930856,COMPLETE
150,0.5062238595424501,2026-07-22 12:22:41.097009,2026-07-22 12:28:11.288929,0 days 00:05:30.191920,256,0.7527921284614789,0.0009577512389134064,0.35436761307414794,64,0.0012368860614165287,COMPLETE
151,0.49558415606349937,2026-07-22 12:28:11.340523,2026-07-22 12:32:05.693822,0 days 00:03:54.353299,512,0.6965115576229503,0.0008246218346568443,0.3921798512681077,64,0.0010793617994299858,COMPLETE
152,0.5059310583106756,2026-07-22 12:32:05.747161,2026-07-22 12:36:11.265730,0 days 00:04:05.518569,512,0.7100360175174023,0.0009034897026174882,0.43359902096440783,64,0.0010344202908958734,COMPLETE
153,0.5161485093689135,2026-07-22 12:36:11.330858,2026-07-22 12:40:03.797877,0 days 00:03:52.467019,512,0.6677581099153307,0.0009486975294820739,0.46171856021826396,64,0.0012505710497383335,COMPLETE
154,0.49402094006518416,2026-07-22 12:40:03.850154,2026-07-22 12:44:02.142827,0 days 00:03:58.292673,512,0.6685570802570485,0.000937992937300375,0.41970504077378307,64,0.0012547415395897175,COMPLETE
155,0.5141433329255859,2026-07-22 12:44:02.194536,2026-07-22 12:48:10.781367,0 days 00:04:08.586831,512,0.6892445639758462,0.001058573846345917,0.40951435097148553,64,0.0011387363672211003,COMPLETE
156,0.5065189780689229,2026-07-22 12:48:10.834321,2026-07-22 12:52:04.755374,0 days 00:03:53.921053,512,0.6814020388715543,0.0010247299149991913,0.4563011238668453,64,0.0011030433147337453,COMPLETE
157,0.5130003755179091,2026-07-22 12:52:04.808247,2026-07-22 12:55:59.803968,0 days 00:03:54.995721,512,0.7016098294251206,0.0010632760753130901,0.4701612022819085,64,0.0010429379299839593,COMPLETE
158,0.502159541617666,2026-07-22 12:55:59.855606,2026-07-22 13:00:15.319268,0 days 00:04:15.463662,512,0.7171281820273206,0.0010673013003708951,0.46431720678626537,64,0.0010397061383851543,COMPLETE
159,0.5019502232371187,2026-07-22 13:00:15.371306,2026-07-22 13:04:27.091508,0 days 00:04:11.720202,512,0.7010726862814256,0.0008923036003207599,0.480293095745059,64,0.0011462984344953926,COMPLETE
160,0.5063021721329375,2026-07-22 13:04:27.143596,2026-07-22 13:08:17.207788,0 days 00:03:50.064192,512,0.6899461630850104,0.0011032517688765726,0.4964372434403348,64,0.00112395015743353,COMPLETE
161,0.4881236804327201,2026-07-22 13:08:17.259977,2026-07-22 13:12:08.795702,0 days 00:03:51.535725,512,0.677647891220215,0.000923569995966343,0.334477270430734,64,0.0010179522149732743,COMPLETE
162,0.5060522457843281,2026-07-22 13:12:08.848189,2026-07-22 13:16:12.065893,0 days 00:04:03.217704,512,0.66896681009364,0.0009680698379026574,0.30015971430202065,64,0.0012253280183687648,COMPLETE
163,0.4914075795934024,2026-07-22 13:16:12.130065,2026-07-22 13:20:12.041667,0 days 00:03:59.911602,512,0.7280999004198087,0.0010159524616605465,0.36716881758572517,64,0.001096913755808562,COMPLETE
164,0.510438872604867,2026-07-22 13:20:12.094583,2026-07-22 13:24:04.995554,0 days 00:03:52.900971,512,0.646887281932277,0.0009497467021116752,0.4358935841399238,64,0.0011647518507675305,COMPLETE
165,0.4824168701932832,2026-07-22 13:24:05.048511,2026-07-22 13:43:44.179660,0 days 00:19:39.131149,64,0.702018456636425,0.0009505459144517346,0.43163153829968826,64,0.0011568458911996142,COMPLETE
166,0.48210967381300535,2026-07-22 13:43:44.250313,2026-07-22 13:47:53.644380,0 days 00:04:09.394067,512,0.6495273694986261,0.0010544338505102241,0.4658440485519093,64,0.0010646024292923046,COMPLETE
167,0.5052946814448547,2026-07-22 13:47:53.698442,2026-07-22 13:51:56.032069,0 days 00:04:02.333627,512,0.6848337528518382,0.0008869570464098717,0.4441297018682663,64,0.0011639462747560798,COMPLETE
168,0.5020277154234183,2026-07-22 13:51:56.084756,2026-07-22 13:55:51.101009,0 days 00:03:55.016253,512,0.7077037962705159,0.0009204497994403945,0.38704592583860425,64,0.0013065893982695531,COMPLETE
169,0.5118740835504095,2026-07-22 13:55:51.154069,2026-07-22 13:59:37.697367,0 days 00:03:46.543298,512,0.6923403099453143,0.0008585847142433578,0.407795827400546,64,0.0013536359494961865,COMPLETE
170,0.4936091091274988,2026-07-22 13:59:37.750365,2026-07-22 14:03:33.559009,0 days 00:03:55.808644,512,0.6383647717321267,0.000779776143207044,0.41785607008746095,64,0.0013390618251823796,COMPLETE
171,0.46881907325959843,2026-07-22 14:03:33.612267,2026-07-22 14:11:00.478010,0 days 00:07:26.865743,512,0.662267178353711,0.0008324105839332111,0.3985180640731096,512,0.0011206792276670663,COMPLETE
172,0.5069507907571945,2026-07-22 14:11:00.530482,2026-07-22 14:14:47.693798,0 days 00:03:47.163316,512,0.6879699570231228,0.0008767247127438601,0.43562242705977056,64,0.001256100832038083,COMPLETE
173,0.4987442671945608,2026-07-22 14:14:47.746751,2026-07-22 14:18:42.174153,0 days 00:03:54.427402,512,0.6767260278809959,0.0009452414795224133,0.13322145522722087,64,0.0012040946188019272,COMPLETE
174,0.47321131336361616,2026-07-22 14:18:42.225413,2026-07-22 14:27:59.329939,0 days 00:09:17.104526,128,0.6965721804938608,0.0009161965259572623,0.40793680619673817,64,0.0010466043123446333,COMPLETE
175,0.5025068401943188,2026-07-22 14:27:59.382035,2026-07-22 14:32:12.279474,0 days 00:04:12.897439,512,0.718378766751913,0.0008525463497229747,0.47469815636411067,64,0.0010113925865934202,COMPLETE
176,0.5035084927147677,2026-07-22 14:32:12.332269,2026-07-22 14:36:13.579125,0 days 00:04:01.246856,512,0.7073981376832299,0.000968710425214153,0.4537595264783431,64,0.0012486383275674313,COMPLETE
177,0.474223002447266,2026-07-22 14:36:13.621602,2026-07-22 14:41:13.327889,0 days 00:04:59.706287,512,0.6919940211360168,0.000907686965073481,0.43451509484466866,256,0.0010846049744671065,COMPLETE
178,0.5023046176149911,2026-07-22 14:41:13.380756,2026-07-22 14:45:02.197439,0 days 00:03:48.816683,512,0.676527247890159,0.0010066296743038066,0.38364191679752496,128,0.0011331492160226505,COMPLETE
179,0.48724266118490234,2026-07-22 14:45:02.253643,2026-07-22 14:50:46.757954,0 days 00:05:44.504311,256,0.6508732629159688,0.0009383352010363717,0.41754641393468134,64,0.001281920746990215,COMPLETE
180,0.5107866155370462,2026-07-22 14:50:46.821443,2026-07-22 14:54:43.095544,0 days 00:03:56.274101,512,0.6614295684728564,0.0010422596073577566,0.10411024077761728,64,0.0011736038240302605,COMPLETE
181,0.5066088458582544,2026-07-22 14:54:43.148946,2026-07-22 14:58:27.251848,0 days 00:03:44.102902,512,0.6565443023198979,0.0010902757898549485,0.45947572305481066,64,0.0011636788159878227,COMPLETE
182,0.5011666347932437,2026-07-22 14:58:27.304581,2026-07-22 15:02:45.636508,0 days 00:04:18.331927,512,0.6681768969974746,0.0005383358988408382,0.08427387966401448,64,0.0011841163473644404,COMPLETE
183,0.48537375699873736,2026-07-22 15:02:45.689154,2026-07-22 15:06:42.607760,0 days 00:03:56.918606,512,0.6857667324743568,0.001041230053303198,0.12658983831507895,64,0.001218339157958504,COMPLETE
184,0.505176284894555,2026-07-22 15:06:42.661144,2026-07-22 15:10:27.219399,0 days 00:03:44.558255,512,0.6992194808560168,0.0008744945240807295,0.09289283481392194,64,0.0010912856504517786,COMPLETE
185,0.4991135174882559,2026-07-22 15:10:27.272285,2026-07-22 15:14:23.179049,0 days 00:03:55.906764,512,0.7134422809041557,0.001142676203368644,0.21951218390334776,64,0.0011372650880516148,COMPLETE
186,0.5044472685743564,2026-07-22 15:14:23.232452,2026-07-22 15:18:07.656528,0 days 00:03:44.424076,512,0.680024990857446,0.0009796778870619597,0.4440222288447553,64,0.0011673827141852014,COMPLETE
187,0.49852581928324946,2026-07-22 15:18:07.709871,2026-07-22 15:21:50.904461,0 days 00:03:43.194590,512,0.6349908217910978,0.0009537457663883365,0.11109202768041415,64,0.0011180710940265006,COMPLETE
188,0.5035212613167271,2026-07-22 15:21:50.957779,2026-07-22 15:25:45.248325,0 days 00:03:54.290546,512,0.7257700968042973,0.0009897014738643336,0.40403704368008264,64,0.0012406709151401602,COMPLETE
189,0.4912132016773619,2026-07-22 15:25:45.301979,2026-07-22 15:29:44.540070,0 days 00:03:59.238091,512,0.6621164804776019,0.0009036835692917116,0.27249961839991543,64,0.001364767011819626,COMPLETE
190,0.5114393310089345,2026-07-22 15:29:44.607236,2026-07-22 15:33:45.546056,0 days 00:04:00.938820,512,0.6916262775379834,0.0010254898579174726,0.422359573783494,64,0.001203429718377732,COMPLETE
191,0.48527229409332456,2026-07-22 15:33:45.599357,2026-07-22 15:38:11.224034,0 days 00:04:25.624677,512,0.7048982940958959,0.0010390258068964156,0.4252534277924437,64,0.0010717051940973457,COMPLETE
192,0.505873141333179,2026-07-22 15:38:11.277947,2026-07-22 15:41:49.606416,0 days 00:03:38.328469,512,0.6953602278361933,0.0009328070282847474,0.41427814227313975,64,0.0011944149997346332,COMPLETE
193,0.5132094613703423,2026-07-22 15:41:49.659335,2026-07-22 15:45:42.120937,0 days 00:03:52.461602,512,0.6898829310329763,0.0010156856209758457,0.17438865474334792,64,0.0012803610205281688,COMPLETE
194,0.519099957606197,2026-07-22 15:45:42.174243,2026-07-22 15:49:35.770107,0 days 00:03:53.595864,512,0.6765524160331432,0.001076925534017934,0.14314240708039502,64,0.0012952306556483406,COMPLETE
195,0.5085545584964697,2026-07-22 15:49:35.823001,2026-07-22 15:53:26.212449,0 days 00:03:50.389448,512,0.6761268060159139,0.0010736895329950026,0.15505987511290004,64,0.0013160728733780643,COMPLETE
196,0.49711451321932565,2026-07-22 15:53:26.265527,2026-07-22 15:57:20.495954,0 days 00:03:54.230427,512,0.6859132615061387,0.001183715661659848,0.13610442364036845,64,0.0012860420595554656,COMPLETE
197,0.5090504593381943,2026-07-22 15:57:20.549819,2026-07-22 16:01:03.026091,0 days 00:03:42.476272,512,0.6708784054111524,0.0011249015819522628,0.09930632490090494,64,0.0013558813285709651,COMPLETE
198,0.4591313425024902,2026-07-22 16:01:03.079432,2026-07-22 16:07:49.822338,0 days 00:06:46.742906,512,0.7045062697729682,0.001081501726091138,0.16825967750288653,512,0.0012721457955731815,COMPLETE
199,0.4819294359899387,2026-07-22 16:07:49.875240,2026-07-22 16:26:09.046836,0 days 00:18:19.171596,64,0.686877994536186,0.0010253769028111888,0.1044292758338192,64,0.0012166831893546922,COMPLETE
200,0.5100683826514217,2026-07-22 16:26:09.100045,2026-07-22 16:29:59.719756,0 days 00:03:50.619711,512,0.7393166476226103,0.0010041266697360333,0.1210712835270887,64,0.001305401661303214,COMPLETE
