number,value,datetime_start,datetime_complete,duration,params_batch,params_dp,params_h_size,params_lr,params_ls,params_n_layers,params_out_c_mult,params_out_ch,params_out_ch_mult,params_wd,state
0,,2026-08-10 19:52:06.555903,2026-08-10 19:52:21.465776,0 days 00:00:14.909873,512,0.7701931304574099,64,0.00028751842990651003,0.37427633294974316,1,,128,,0.0047190070416240106,FAIL
1,0.35732609778095215,2026-08-10 19:52:59.695338,2026-08-10 19:54:14.686040,0 days 00:01:14.990702,256,0.7352779634072204,32,0.0009644448409630058,0.36181894931033953,2,,256,,0.00275580149379989,COMPLETE
2,0.36504978673964383,2026-08-10 19:54:14.753076,2026-08-10 19:55:18.817173,0 days 00:01:04.064097,512,0.8248091966596602,1024,0.0008656362692689672,0.45065114076121304,3,,32,,0.002235142774449589,COMPLETE
3,0.5631594925369554,2026-08-10 19:55:18.887172,2026-08-10 19:57:50.744676,0 days 00:02:31.857504,128,0.7799363451757808,512,0.0006321384358447688,0.7470419335095583,2,,128,,0.0035975374353861096,COMPLETE
4,0.554945938255585,2026-08-10 19:57:50.803813,2026-08-10 19:59:48.721236,0 days 00:01:57.917423,128,0.8476505082619216,1024,0.0002437458324559193,0.6566313368216338,1,,128,,0.0022591210840205394,COMPLETE
5,0.6929874270059941,2026-08-10 19:59:48.781745,2026-08-10 20:05:21.802642,0 days 00:05:33.020897,64,0.9868101886465515,32,0.0001431953831788859,0.574537412597388,1,,128,,0.003724871312960963,COMPLETE
6,0.33063540214633486,2026-08-10 20:05:21.865912,2026-08-10 20:06:16.595687,0 days 00:00:54.729775,512,0.6290916187682357,256,0.0005175961586318034,0.6769718011621995,2,,64,,0.003759314033718459,COMPLETE
7,0.5714753562733896,2026-08-10 20:06:16.647233,2026-08-10 20:09:37.515199,0 days 00:03:20.867966,128,0.6303037945384318,512,9.071613459442777e-05,0.6097285463181992,2,,128,,0.0029966133808114136,COMPLETE
8,0.7135848187626535,2026-08-10 20:09:37.568245,2026-08-10 20:17:55.574849,0 days 00:08:18.006604,64,0.9798579177039839,64,9.979213001883584e-05,0.6946039680477021,2,,256,,0.0022656423290654884,COMPLETE
9,0.7321537661259997,2026-08-10 20:17:55.631912,2026-08-10 20:23:45.534560,0 days 00:05:49.902648,64,0.6393118594332451,32,7.982309280569497e-05,0.8019233146645184,2,,512,,0.00480435724290876,COMPLETE
10,0.33197179492218387,2026-08-10 20:23:45.604914,2026-08-10 20:24:23.734110,0 days 00:00:38.129196,512,0.6333848772823366,1024,0.0058780341940541875,0.35153051356831777,1,,64,,0.003763852717381183,COMPLETE
11,0.5891427054146512,2026-08-10 20:24:23.787694,2026-08-10 20:29:46.191706,0 days 00:05:22.404012,64,0.9155305623633456,128,0.004265618295450403,0.5091995904884062,3,,512,,0.004814852138346108,COMPLETE
12,0.613164187559427,2026-08-10 20:29:46.245015,2026-08-10 20:38:25.728665,0 days 00:08:39.483650,64,0.9959723955801116,64,5.559085793567118e-05,0.7973123643689235,2,,256,,0.004716586614760584,COMPLETE
13,0.7466445829331763,2026-08-10 20:38:25.796235,2026-08-10 20:43:20.478840,0 days 00:04:54.682605,64,0.7160864351884855,64,0.00018822870113766578,0.7319318684277516,2,,512,,0.0027191993270263455,COMPLETE
14,0.7388243265534774,2026-08-10 20:43:20.539394,2026-08-10 20:48:40.893034,0 days 00:05:20.353640,64,0.7071154955170446,64,0.000250379363983099,0.7941445937093866,2,,512,,0.0027665522929337743,COMPLETE
15,0.36858266670693046,2026-08-10 20:48:40.946199,2026-08-10 20:50:04.338595,0 days 00:01:23.392396,256,0.709905365034747,64,0.00030735891208021954,0.7474858996749112,3,,512,,0.0027291001851126725,COMPLETE
16,0.6656248336293635,2026-08-10 20:50:04.390833,2026-08-10 20:55:53.307516,0 days 00:05:48.916683,64,0.6976945874319271,64,0.0022371971071343264,0.7204014404636918,2,,512,,0.002604865102720202,COMPLETE
17,0.7365877256345219,2026-08-10 20:55:53.359143,2026-08-10 21:00:11.652086,0 days 00:04:18.292943,64,0.7454612189291303,64,0.0002285524757722301,0.627795687080286,2,,512,,0.0031117334142105975,COMPLETE
18,0.7348973697575838,2026-08-10 21:00:11.700327,2026-08-10 21:05:44.327436,0 days 00:05:32.627109,64,0.6927849350190648,128,0.00037519569102690376,0.5587779066954479,2,,32,,0.0024465382498158137,COMPLETE
19,0.32867422986891875,2026-08-10 21:05:44.401407,2026-08-10 21:06:35.172353,0 days 00:00:50.770946,256,0.7885409629915179,256,0.00017564814198481004,0.7535263473285945,1,,512,,0.0032464460584994254,COMPLETE
20,0.6488436529379833,2026-08-10 21:06:35.236602,2026-08-10 21:11:18.531700,0 days 00:04:43.295098,64,0.6691556388061504,64,0.001529366331959625,0.2947215243405209,3,,512,,0.002088549389419245,COMPLETE
21,0.7460629206829489,2026-08-10 21:11:18.598904,2026-08-10 21:15:31.988406,0 days 00:04:13.389502,64,0.8709644811436013,64,0.0001417000245492897,0.6915861435267965,2,,512,,0.0025202414013687437,COMPLETE
22,0.7418151043583969,2026-08-10 21:15:32.044284,2026-08-10 21:20:25.447772,0 days 00:04:53.403488,64,0.8833460693585133,64,0.00012700061804573733,0.6983568925556788,2,,512,,0.002568094244903817,COMPLETE
23,0.7432824222538567,2026-08-10 21:20:25.501859,2026-08-10 21:25:08.557690,0 days 00:04:43.055831,64,0.8914197577386624,64,0.00014322644270487264,0.6520565154144545,2,,512,,0.0024827269083290233,COMPLETE
24,0.7324620046440267,2026-08-10 21:25:08.616837,2026-08-10 21:31:34.159828,0 days 00:06:25.542991,64,0.9356567274955809,64,5.1685036990808654e-05,0.6417242086105289,2,,512,,0.0024212240332313665,COMPLETE
25,0.7368890850443954,2026-08-10 21:31:34.215290,2026-08-10 21:36:28.084072,0 days 00:04:53.868782,64,0.8714477797455917,64,0.00018199098610830112,0.5948859333501291,2,,512,,0.002956937984507679,COMPLETE
26,0.7296461914387727,2026-08-10 21:36:28.138065,2026-08-10 21:42:52.004259,0 days 00:06:23.866194,64,0.9387781837044471,64,0.0003663613608206502,0.534578776435401,2,,64,,0.002094915659411235,COMPLETE
27,0.336974738136233,2026-08-10 21:42:52.065105,2026-08-10 21:43:37.839377,0 days 00:00:45.774272,512,0.8085470893412254,512,0.0001212064759792111,0.6666135570002294,2,,32,,0.003315736863879067,COMPLETE
28,0.5603382334024074,2026-08-10 21:43:37.898626,2026-08-10 21:46:19.970873,0 days 00:02:42.072247,128,0.8767256297246403,256,7.143888795574301e-05,0.7210613704098189,2,,512,,0.002383660138292834,COMPLETE
29,0.3380001779018005,2026-08-10 21:46:20.025712,2026-08-10 21:47:40.237467,0 days 00:01:20.211755,256,0.9029718378757653,128,0.0004962004762109421,0.462558212085587,3,,512,,0.0025687862655933767,COMPLETE
30,0.33065058526102287,2026-08-10 21:47:40.291789,2026-08-10 21:48:28.947050,0 days 00:00:48.655261,256,0.7422472940674367,32,0.00017643447187998742,0.7584209863823081,1,,256,,0.0028405654446548873,COMPLETE
31,0.7444204534602044,2026-08-10 21:48:29.000357,2026-08-10 21:53:26.879694,0 days 00:04:57.879337,64,0.8421783252439217,64,0.00010517920752841663,0.6313468100249965,2,,512,,0.004225754106119639,COMPLETE
32,0.746464142788114,2026-08-10 21:53:26.937404,2026-08-10 21:59:14.391971,0 days 00:05:47.454567,64,0.8434609590715529,64,0.00011824887098132028,0.6267502334201188,2,,512,,0.004248985843078542,COMPLETE
33,0.742965560481019,2026-08-10 21:59:14.450129,2026-08-10 22:05:03.751356,0 days 00:05:49.301227,64,0.8142070492264127,64,6.732151608003374e-05,0.6096984403687911,2,,512,,0.0044158770282811425,COMPLETE
34,0.7103923621260059,2026-08-10 22:05:03.818602,2026-08-10 22:13:25.550669,0 days 00:08:21.732067,64,0.8447583115287027,64,0.00010381468893280385,0.5002803548090022,2,,32,,0.004177761457382427,COMPLETE
35,0.7371596872728894,2026-08-10 22:13:25.600343,2026-08-10 22:18:32.404700,0 days 00:05:06.804357,64,0.8460897465595936,1024,0.0002080665940846281,0.7119756318766567,2,,512,,0.004219140865736202,COMPLETE
36,0.5665203932508831,2026-08-10 22:18:32.456903,2026-08-10 22:21:43.740854,0 days 00:03:11.283951,128,0.7751845996708621,64,0.00014429756227046377,0.5780573395440457,2,,128,,0.003493907487116081,COMPLETE
37,0.3576658407655694,2026-08-10 22:21:43.794130,2026-08-10 22:22:37.544303,0 days 00:00:53.750173,512,0.7661851191611442,512,0.0008838383521581073,0.6795051252853104,2,,64,,0.004015696377799521,COMPLETE
38,0.7425595512847216,2026-08-10 22:22:37.604645,2026-08-10 22:26:10.770509,0 days 00:03:33.165864,64,0.8603309728260923,64,0.0002765400755406365,0.6326140427176569,1,,512,,0.00459202898829626,COMPLETE
39,0.5717794097436376,2026-08-10 22:26:10.830758,2026-08-10 22:29:02.402956,0 days 00:02:51.572198,128,0.8246207661402473,1024,9.202567145763151e-05,0.6728006592372083,3,,256,,0.003854085270593399,COMPLETE
40,0.7332969507904383,2026-08-10 22:29:02.477919,2026-08-10 22:33:03.200413,0 days 00:04:00.722494,64,0.7931366988936165,32,0.0005944178544282001,0.5489057962428161,2,,128,,0.0034566635257510933,COMPLETE
41,0.36349287273487,2026-08-10 22:33:03.247842,2026-08-10 22:34:03.785911,0 days 00:01:00.538069,512,0.9300642276840472,256,0.00011099156981800048,0.7658894681656366,2,,512,,0.002281877204067814,COMPLETE
42,0.7389434006958264,2026-08-10 22:34:03.837944,2026-08-10 22:38:38.932671,0 days 00:04:35.094727,64,0.8326204109547574,64,0.0001531459498000816,0.6528260861921827,2,,512,,0.0021952393138031604,COMPLETE
43,0.7380684363141277,2026-08-10 22:38:38.989468,2026-08-10 22:43:25.386426,0 days 00:04:46.396958,64,0.8936935129530821,64,8.102947323815638e-05,0.6134462364270356,2,,512,,0.002617375004204993,COMPLETE
44,0.7330750815472615,2026-08-10 22:43:25.444783,2026-08-10 22:48:16.814902,0 days 00:04:51.370119,64,0.9555243893724754,64,0.000146569768742182,0.6891591797900032,2,,512,,0.004307107649895002,COMPLETE
45,0.7417986017443505,2026-08-10 22:48:16.869000,2026-08-10 22:51:51.165698,0 days 00:03:34.296698,64,0.9106040206713867,64,0.0002106445212691303,0.6498065854403317,2,,512,,0.004972403701698574,COMPLETE
46,0.7152111442055655,2026-08-10 22:51:51.218932,2026-08-10 22:58:23.301423,0 days 00:06:32.082491,64,0.9660198396093334,512,0.000333861806843995,0.7249491511068775,2,,64,,0.003932362879084471,COMPLETE
47,0.7403943564524961,2026-08-10 22:58:23.354535,2026-08-10 23:01:24.455824,0 days 00:03:01.101289,64,0.8592556143698793,64,6.156356569085022e-05,0.5854303911015948,1,,512,,0.003599097640922929,COMPLETE
48,0.7181819853262167,2026-08-10 23:01:24.516274,2026-08-10 23:07:33.953035,0 days 00:06:09.436761,64,0.8949971508951359,128,8.522755372373577e-05,0.7763660018600551,2,,128,,0.0023428631978952316,COMPLETE
49,0.5561792781806681,2026-08-10 23:07:34.009672,2026-08-10 23:11:42.050164,0 days 00:04:08.040492,128,0.8613944604122229,64,0.00011942574380777322,0.7006878077533013,2,,32,,0.0026922317991245463,COMPLETE
50,0.7379750795174599,2026-08-10 23:11:42.111512,2026-08-10 23:15:44.647464,0 days 00:04:02.535952,64,0.8035421894161108,32,0.0002564693480914916,0.7353690621107128,3,,256,,0.0029115041359293907,COMPLETE
51,0.3464160774895017,2026-08-10 23:15:44.698776,2026-08-10 23:16:40.128555,0 days 00:00:55.429779,256,0.66040664166819,1024,0.00043551097574507015,0.6160032187159581,2,,512,,0.0030538254800696516,COMPLETE
52,0.7368965576651374,2026-08-10 23:16:40.191800,2026-08-10 23:20:29.225951,0 days 00:03:49.034151,64,0.8227561148273286,64,6.304043453908604e-05,0.5976796002751887,2,,512,,0.00437554062274196,COMPLETE
53,0.7319430710491706,2026-08-10 23:20:29.298797,2026-08-10 23:23:49.604639,0 days 00:03:20.305842,64,0.7273592307155115,64,7.293286434842759e-05,0.6329165108706842,2,,512,,0.004502654090124009,COMPLETE
54,0.7510376142419412,2026-08-10 23:23:49.652588,2026-08-10 23:27:28.333397,0 days 00:03:38.680809,64,0.7573568330762471,64,9.669995836929293e-05,0.6670479896444256,2,,512,,0.004043953375800954,COMPLETE
55,0.7417926702219618,2026-08-10 23:27:28.401977,2026-08-10 23:30:51.095708,0 days 00:03:22.693731,64,0.7545374951876296,64,0.0001039001223367576,0.6631524607998861,2,,512,,0.004023169753595356,COMPLETE
56,0.740195769981427,2026-08-10 23:30:51.162422,2026-08-10 23:34:12.943440,0 days 00:03:21.781018,64,0.7167369825844738,64,0.00016867973572574191,0.6871583786970045,2,,512,,0.0025231990783429483,COMPLETE
57,0.7403896974747041,2026-08-10 23:34:12.996252,2026-08-10 23:37:51.495447,0 days 00:03:38.499195,64,0.66976126426995,64,0.00013441529005777856,0.705570859142144,2,,512,,0.004118024946940169,COMPLETE
58,0.35634141806797615,2026-08-10 23:37:51.550608,2026-08-10 23:38:30.729974,0 days 00:00:39.179366,512,0.8398032724711738,64,0.00021342054982263637,0.654318985912209,1,,512,,0.002170257626488443,COMPLETE
59,0.7371134359601058,2026-08-10 23:38:30.787351,2026-08-10 23:43:18.832982,0 days 00:04:48.045631,64,0.9247736441800293,256,9.331289157627376e-05,0.7348979631342224,2,,512,,0.003669700010003569,COMPLETE
60,0.7175467084914959,2026-08-10 23:43:18.892115,2026-08-10 23:48:43.331495,0 days 00:05:24.439380,64,0.8842955132650187,64,0.00012303256960276401,0.5605696486887796,2,,64,,0.0024603935047692507,COMPLETE
61,0.737322809080537,2026-08-10 23:48:43.386891,2026-08-10 23:52:20.260666,0 days 00:03:36.873775,64,0.6829173687173672,128,0.00018431292618710873,0.42430837730104504,3,,512,,0.004730857724728253,COMPLETE
62,0.7437697676758639,2026-08-10 23:52:20.322887,2026-08-10 23:56:18.886434,0 days 00:03:58.563547,64,0.8120466502761972,64,6.820840902209612e-05,0.6176296645536625,2,,512,,0.004460079530865468,COMPLETE
63,0.7455719386588409,2026-08-10 23:56:18.948775,2026-08-11 00:00:55.729529,0 days 00:04:36.780754,64,0.7985012013404476,64,5.396531197810562e-05,0.641309611947776,2,,512,,0.0045006404234773706,COMPLETE
64,0.7356820365793905,2026-08-11 00:00:55.785826,2026-08-11 00:04:44.015286,0 days 00:03:48.229460,64,0.7830321524516384,64,5.0611656025156426e-05,0.6242331077616813,2,,512,,0.004597283503808682,COMPLETE
65,0.7399353494498456,2026-08-11 00:04:44.082929,2026-08-11 00:08:15.115417,0 days 00:03:31.032488,64,0.7586481309460436,64,7.639594955938791e-05,0.5960390748310693,2,,512,,0.004912281163459983,COMPLETE
66,0.3273249695796077,2026-08-11 00:08:15.179496,2026-08-11 00:09:07.259213,0 days 00:00:52.079717,256,0.8003075393397684,64,5.7060397486800486e-05,0.6763403776097893,2,,32,,0.004274066757522769,COMPLETE
67,0.7360316059866142,2026-08-11 00:09:07.317393,2026-08-11 00:12:20.052002,0 days 00:03:12.734609,64,0.732657923193559,64,8.688227528044666e-05,0.6366645773401836,2,,512,,0.0045412677542899516,COMPLETE
68,0.7437352944887864,2026-08-11 00:12:20.114537,2026-08-11 00:16:02.736099,0 days 00:03:42.621562,64,0.7741330550876264,512,0.00010343338920717976,0.6061296515414272,2,,512,,0.004076400968026811,COMPLETE
69,0.7399050850767556,2026-08-11 00:16:02.793831,2026-08-11 00:21:03.814228,0 days 00:05:01.020397,64,0.8190469148765243,64,5.704721774850824e-05,0.5179657566304504,2,,256,,0.0038429107432405686,COMPLETE
70,0.5416823790256031,2026-08-11 00:21:03.883554,2026-08-11 00:23:36.797305,0 days 00:02:32.913751,128,0.8510948544856645,64,6.926290382227954e-05,0.6675800146505851,2,,128,,0.004418385931065844,COMPLETE
71,0.7350076243300883,2026-08-11 00:23:36.862857,2026-08-11 00:27:09.362431,0 days 00:03:32.499574,64,0.8351158345416118,32,0.002883895680093811,0.5614784022353742,1,,512,,0.004675169232781267,COMPLETE
72,0.7418618515158939,2026-08-11 00:27:09.415788,2026-08-11 00:31:36.609565,0 days 00:04:27.193777,64,0.7927576211662221,512,0.00010093054679239989,0.5992151831409839,2,,512,,0.004119052299966731,COMPLETE
73,0.744700698946651,2026-08-11 00:31:36.704899,2026-08-11 00:35:17.201528,0 days 00:03:40.496629,64,0.771698237972299,512,0.0001130378402170162,0.6468524407859484,2,,512,,0.003998842226966855,COMPLETE
74,0.747462028268029,2026-08-11 00:35:17.258383,2026-08-11 00:39:06.673478,0 days 00:03:49.415095,64,0.7495506196846469,512,0.00016193693276758182,0.6387102799527772,2,,512,,0.00395814445852871,COMPLETE
75,0.7479637851705515,2026-08-11 00:39:06.726323,2026-08-11 00:43:04.272877,0 days 00:03:57.546554,64,0.7442064733558075,512,0.00015744817938713102,0.684360829393738,2,,512,,0.003809083695309745,COMPLETE
76,0.33086472848043463,2026-08-11 00:43:04.326378,2026-08-11 00:44:25.140454,0 days 00:01:20.814076,512,0.7203565118337163,512,0.00016764342481095216,0.7133530173486095,2,,512,,0.003904421060890084,COMPLETE
77,0.7447279943168307,2026-08-11 00:44:25.197855,2026-08-11 00:48:08.404326,0 days 00:03:43.206471,64,0.7462830584853827,512,0.0002864465407425865,0.6861707780423987,2,,512,,0.003715595709391988,COMPLETE
78,0.7375723576114472,2026-08-11 00:48:08.453058,2026-08-11 00:52:58.993030,0 days 00:04:50.539972,64,0.7455802880788313,512,0.0002721635855873258,0.6930543685796225,3,,512,,0.0037503909289462976,COMPLETE
79,0.7304938656091977,2026-08-11 00:52:59.057267,2026-08-11 00:56:53.940403,0 days 00:03:54.883136,64,0.6954899320874695,512,0.00023104596351625916,0.7397558176566701,2,,512,,0.0031550763059364083,COMPLETE
80,0.326785960518067,2026-08-11 00:56:54.005905,2026-08-11 00:57:54.248946,0 days 00:01:00.243041,256,0.7408799960916661,512,0.0010934087387052356,0.773210238679008,2,,64,,0.003324260129423077,COMPLETE
81,0.724661344394903,2026-08-11 00:57:54.315502,2026-08-11 01:02:53.632608,0 days 00:04:59.317106,64,0.7060495386746288,512,0.0003086280155119207,0.6769911956504417,2,,32,,0.003504596623523011,COMPLETE
82,0.7392875355054274,2026-08-11 01:02:53.688457,2026-08-11 01:06:39.032738,0 days 00:03:45.344281,64,0.7617209178566011,512,0.00018856916900477472,0.6436370746631225,2,,512,,0.0036689919328457402,COMPLETE
83,0.7487286414573413,2026-08-11 01:06:39.092311,2026-08-11 01:10:28.297775,0 days 00:03:49.205464,64,0.7530360450525325,512,0.00015301033882560616,0.6637755297314579,2,,512,,0.0039746418605973236,COMPLETE
84,0.7368454420580202,2026-08-11 01:10:28.362255,2026-08-11 01:14:04.961807,0 days 00:03:36.599552,64,0.7504734971117222,512,0.00015727272592578383,0.663857328487659,2,,512,,0.003791354282715857,COMPLETE
85,0.735204123312962,2026-08-11 01:14:05.024537,2026-08-11 01:18:00.118992,0 days 00:03:55.094455,64,0.7296271023610762,512,0.00013405594931596826,0.7241683969977575,2,,512,,0.003940219283116099,COMPLETE
86,0.7356403844921955,2026-08-11 01:18:00.175098,2026-08-11 01:21:59.235088,0 days 00:03:59.059990,64,0.7820802666599611,512,0.00019698297315258917,0.6895251281700135,2,,512,,0.004196100620092553,COMPLETE
87,0.7398440303511706,2026-08-11 01:21:59.315879,2026-08-11 01:25:57.887929,0 days 00:03:58.572050,64,0.7391967559469788,1024,0.00025457365365625626,0.7057760971633626,2,,512,,0.003401465457093321,COMPLETE
88,0.5538046890451406,2026-08-11 01:25:57.944005,2026-08-11 01:28:20.411768,0 days 00:02:22.467763,128,0.7217638287139729,512,0.000415775767461508,0.657680258130246,2,,256,,0.0035825164793217724,COMPLETE
89,0.7341615538719596,2026-08-11 01:28:20.470359,2026-08-11 01:31:44.052525,0 days 00:03:23.582166,64,0.7071274436417285,256,0.0001367803261262887,0.6826944912407001,1,,128,,0.002684577953220125,COMPLETE
90,0.7370402040815296,2026-08-11 01:31:44.129856,2026-08-11 01:35:37.614305,0 days 00:03:53.484449,64,0.75244074292197,512,0.00016003015511786872,0.7524862721432239,2,,512,,0.0038394042367086976,COMPLETE
91,0.3568973655993342,2026-08-11 01:35:37.673620,2026-08-11 01:36:57.131903,0 days 00:01:19.458283,512,0.7671130912467438,128,0.0002930075560310064,0.6970857754256263,2,,512,,0.004324296704369549,COMPLETE
92,0.744021493882548,2026-08-11 01:36:57.185612,2026-08-11 01:40:33.934647,0 days 00:03:36.749035,64,0.7705022997430953,512,0.0002288303800153937,0.652022893906354,2,,512,,0.004010783583006616,COMPLETE
93,0.7415761151529812,2026-08-11 01:40:34.010896,2026-08-11 01:44:23.655743,0 days 00:03:49.644847,64,0.7866543255005835,512,0.00011992661465405204,0.6413211355281808,2,,512,,0.004006549558753221,COMPLETE
94,0.7410775938784768,2026-08-11 01:44:23.711074,2026-08-11 01:49:04.809755,0 days 00:04:41.098681,64,0.7381593555427604,512,0.00011358079426725541,0.6202603220802038,2,,512,,0.004119703031453784,COMPLETE
95,0.7374893030207644,2026-08-11 01:49:04.863320,2026-08-11 01:52:53.039561,0 days 00:03:48.176241,64,0.7577868356848964,512,0.00013097080492499764,0.6718010505820783,2,,512,,0.00370361651495528,COMPLETE
96,0.7435816302989693,2026-08-11 01:52:53.098448,2026-08-11 01:56:52.061449,0 days 00:03:58.963001,64,0.7488541220680629,512,0.00015137345651415458,0.5810495436442272,2,,512,,0.004254482123016307,COMPLETE
97,0.742662665410771,2026-08-11 01:56:52.114161,2026-08-11 02:02:40.132790,0 days 00:05:48.018629,64,0.7726493468882606,32,9.278711229634386e-05,0.711436172350397,3,,512,,0.003921730876257465,COMPLETE
98,0.7508333395589843,2026-08-11 02:02:40.202938,2026-08-11 02:06:50.995333,0 days 00:04:10.792395,64,0.7994530548926225,512,0.00020544085410357477,0.642182393561717,2,,512,,0.002782585160683497,COMPLETE
99,0.7516889251628273,2026-08-11 02:06:51.049845,2026-08-11 02:11:03.105194,0 days 00:04:12.055349,64,0.828813425733632,1024,0.00021185492205872967,0.6655905883385087,2,,512,,0.0027993054776794743,COMPLETE
100,0.724746178104176,2026-08-11 02:11:03.179011,2026-08-11 02:16:19.303911,0 days 00:05:16.124900,64,0.8696709012063907,1024,0.0001961480911339057,0.6380801071883566,2,,64,,0.002809197854641859,COMPLETE
101,0.35780344574623124,2026-08-11 02:16:19.380073,2026-08-11 02:17:29.419320,0 days 00:01:10.039247,256,0.830390169402826,1024,0.00017298825276332186,0.6267199357855923,2,,512,,0.002868600480937561,COMPLETE
102,0.7394877552121503,2026-08-11 02:17:29.485469,2026-08-11 02:21:20.733402,0 days 00:03:51.247933,64,0.8085239061355518,1024,0.00021128048652197068,0.6622912548791645,2,,512,,0.0026398338264746845,COMPLETE
103,0.740006723430993,2026-08-11 02:21:20.803637,2026-08-11 02:25:30.822432,0 days 00:04:10.018795,64,0.8531187547138047,1024,0.0003308559434981404,0.6820635270070695,2,,512,,0.0029851629474631353,COMPLETE
104,0.7464045136439814,2026-08-11 02:25:30.872827,2026-08-11 02:29:09.038345,0 days 00:03:38.165518,64,0.7922561108381386,512,0.0002350943422434989,0.3062743635717749,2,,512,,0.002750717853618365,COMPLETE
105,0.7460284362327009,2026-08-11 02:29:09.099318,2026-08-11 02:32:23.534783,0 days 00:03:14.435465,64,0.7971078970797351,64,0.00024333617865202127,0.37828783269155325,2,,512,,0.002769728751719625,COMPLETE
106,0.741603379968279,2026-08-11 02:32:23.607653,2026-08-11 02:35:34.267983,0 days 00:03:10.660330,64,0.7945479179611628,256,0.00024584666564612625,0.300363400343182,2,,512,,0.0028106898069858517,COMPLETE
107,0.7258698629145631,2026-08-11 02:35:34.334071,2026-08-11 02:41:51.803667,0 days 00:06:17.469596,64,0.8068901289514964,128,0.00014764033334998858,0.38571246933906345,2,,32,,0.0027254640148379424,COMPLETE
108,0.7370071869573854,2026-08-11 02:41:51.870226,2026-08-11 02:46:21.294048,0 days 00:04:29.423822,64,0.8274574660423323,64,0.00021108727920493255,0.728727848771188,2,,512,,0.002501105734051463,COMPLETE
109,0.5913103818798828,2026-08-11 02:46:21.374239,2026-08-11 02:48:12.664189,0 days 00:01:51.289950,128,0.7780695111838809,1024,0.00018100715660707533,0.32423984797267746,1,,512,,0.0025658755595378492,COMPLETE
110,0.7446852324267387,2026-08-11 02:48:12.718965,2026-08-11 02:51:25.497017,0 days 00:03:12.778052,64,0.6859391740742053,64,0.00023383060069529814,0.3661820367603175,2,,256,,0.002736657483188177,COMPLETE
111,0.7512084651147927,2026-08-11 02:51:25.549652,2026-08-11 02:54:51.279218,0 days 00:03:25.729566,64,0.8153344935248908,512,0.0003498524261389833,0.4817387997413908,2,,512,,0.002771551632351433,COMPLETE
112,0.7375644961316759,2026-08-11 02:54:51.338093,2026-08-11 02:58:29.471705,0 days 00:03:38.133612,64,0.8187514712576578,512,0.0003739129118868866,0.44342483752105416,2,,512,,0.0029324667588768987,COMPLETE
113,0.7418256535597366,2026-08-11 02:58:29.524876,2026-08-11 03:02:19.022108,0 days 00:03:49.497232,64,0.8382113937550711,512,0.0004169506915220679,0.46766462062371333,2,,512,,0.0026738865929794753,COMPLETE
114,0.7411836054800901,2026-08-11 03:02:19.103949,2026-08-11 03:05:52.836349,0 days 00:03:33.732400,64,0.8178677278789812,512,0.00016557753423923922,0.388909885148153,2,,512,,0.0027633740384192147,COMPLETE
115,0.7412866366994266,2026-08-11 03:05:52.910021,2026-08-11 03:09:12.679872,0 days 00:03:19.769851,64,0.7911631783670042,512,0.00048121884105779134,0.32831207345723945,2,,512,,0.002864530806704336,COMPLETE
116,0.7427254456447492,2026-08-11 03:09:12.745233,2026-08-11 03:14:16.913048,0 days 00:05:04.167815,64,0.8700171391881314,64,0.0002606928606298025,0.4811646586136831,2,,128,,0.003061688562690992,COMPLETE
117,0.3137401774994614,2026-08-11 03:14:16.967317,2026-08-11 03:15:55.945892,0 days 00:01:38.978575,512,0.8032766909811644,512,0.0003243525304979215,0.3918056187331287,3,,512,,0.002361373581828679,COMPLETE
118,0.7418455818564615,2026-08-11 03:15:56.010757,2026-08-11 03:19:24.840872,0 days 00:03:28.830115,64,0.7642657712968792,64,0.0002023690053396762,0.30714352329611294,2,,512,,0.002573805093396995,COMPLETE
119,0.7383440210807243,2026-08-11 03:19:24.893476,2026-08-11 03:23:10.005964,0 days 00:03:45.112488,64,0.8561228730402952,512,0.0001463239959820299,0.4256411484796102,2,,512,,0.002800945461937921,COMPLETE
120,0.7452135709809647,2026-08-11 03:23:10.059598,2026-08-11 03:26:54.470562,0 days 00:03:44.410964,64,0.6203504612626864,32,0.00012609398583875633,0.28950895897246975,2,,512,,0.0026447215743423736,COMPLETE
121,0.743189050125556,2026-08-11 03:26:54.546968,2026-08-11 03:30:31.683673,0 days 00:03:37.136705,64,0.8463873754961384,64,0.00018724556184273225,0.355282706434379,2,,512,,0.0028939857716922964,COMPLETE
122,0.7436208702145418,2026-08-11 03:30:31.737246,2026-08-11 03:34:00.537211,0 days 00:03:28.799965,64,0.8011685930848579,64,0.0007167666643997182,0.3733739028033556,2,,512,,0.0022967704176676683,COMPLETE
123,0.7332339300213974,2026-08-11 03:34:00.588609,2026-08-11 03:37:51.762427,0 days 00:03:51.173818,64,0.8120743414934,64,0.00016259591950823043,0.33518495149977184,2,,512,,0.002731322227173956,COMPLETE
124,0.7412523782744554,2026-08-11 03:37:51.816907,2026-08-11 03:41:33.713105,0 days 00:03:41.896198,64,0.7951624722028693,64,0.00022498469526683422,0.535057738178322,2,,512,,0.0024229507219169694,COMPLETE
125,0.737036022343522,2026-08-11 03:41:33.780385,2026-08-11 03:46:28.915109,0 days 00:04:55.134724,64,0.7852595745116024,64,0.0002765959873083958,0.7895440698915521,2,,512,,0.004340377294451783,COMPLETE
126,0.34617876108326034,2026-08-11 03:46:28.972055,2026-08-11 03:47:47.396073,0 days 00:01:18.424018,256,0.825605941744074,512,0.00017372249225482776,0.6692641986377877,2,,512,,0.0025400129047542575,COMPLETE
127,0.7452089349693157,2026-08-11 03:47:47.457112,2026-08-11 03:51:40.870147,0 days 00:03:53.413035,64,0.7277082939434932,64,7.977483826215279e-05,0.4175602697451463,2,,512,,0.00302103180527098,COMPLETE
128,0.7272899562477585,2026-08-11 03:51:40.947059,2026-08-11 03:56:30.185399,0 days 00:04:49.238340,64,0.7980050944967971,512,0.00019674048413263162,0.3432563056621334,2,,64,,0.003181606831321061,COMPLETE
129,0.7454435506688927,2026-08-11 03:56:30.235672,2026-08-11 04:00:41.337225,0 days 00:04:11.101553,64,0.7146483840958473,256,0.0001347005627781244,0.6546229430823125,2,,512,,0.0026094639660833004,COMPLETE
130,0.7249687545996656,2026-08-11 04:00:41.399419,2026-08-11 04:04:30.596119,0 days 00:03:49.196700,64,0.7599869257943594,64,0.0003557765073217945,0.6993863738026919,1,,32,,0.0028192809524967624,COMPLETE
131,0.5707323736713014,2026-08-11 04:04:30.655888,2026-08-11 04:06:12.922479,0 days 00:01:42.266591,128,0.8345014003274945,512,0.0002522185768887576,0.629934219818198,2,,512,,0.002949528116116111,COMPLETE
132,,2026-08-11 04:06:12.979856,2026-08-11 04:06:40.388332,0 days 00:00:27.408476,64,0.7366098111741566,256,0.0001422047537737928,0.652589948720577,2,,512,,0.002593606501243223,FAIL
133,0.7499918658428656,2026-08-11 04:10:11.189007,2026-08-11 04:15:10.733636,0 days 00:04:59.544629,64,0.8054671506861437,256,0.00013949929243865493,0.6538267873404977,2,,512,,0.0026113061909673004,COMPLETE
134,0.7502953219141698,2026-08-11 04:15:10.812850,2026-08-11 04:20:00.372005,0 days 00:04:49.559155,64,0.7985532401439839,256,0.00014159800813216413,0.6617858976659496,2,,512,,0.0027785118805826407,COMPLETE
135,0.7406306358335104,2026-08-11 04:20:00.436978,2026-08-11 04:25:21.884726,0 days 00:05:21.447748,64,0.8144349446345455,256,0.00015474953507985632,0.6608809575280801,2,,512,,0.0026961376967856955,COMPLETE
136,0.7429156570181827,2026-08-11 04:25:21.970999,2026-08-11 04:30:18.754019,0 days 00:04:56.783020,64,0.7342284914861609,256,0.00014119346458126402,0.6473664991906728,2,,512,,0.002759629641720377,COMPLETE
137,0.7452245616993618,2026-08-11 04:30:18.806347,2026-08-11 04:34:53.693096,0 days 00:04:34.886749,64,0.8068125997371436,256,0.00013786308562135878,0.677768576155436,2,,512,,0.002646803549305053,COMPLETE
138,0.746585077269805,2026-08-11 04:34:53.746393,2026-08-11 04:39:37.024951,0 days 00:04:43.278558,64,0.8041939337102574,256,0.00012774047457856456,0.49919840490287404,2,,512,,0.00416129886447996,COMPLETE
139,0.7375925461180508,2026-08-11 04:39:37.079686,2026-08-11 04:44:01.164650,0 days 00:04:24.084964,64,0.7889661725096866,256,0.00013023669402260435,0.49477104485555234,2,,512,,0.004162107535513915,COMPLETE
140,0.7454790715982408,2026-08-11 04:44:01.229361,2026-08-11 04:49:38.781067,0 days 00:05:37.551706,64,0.81445257527679,256,0.00011500323657321646,0.6686644049785977,2,,256,,0.003968974165969286,COMPLETE
141,0.3755479292834263,2026-08-11 04:49:38.840793,2026-08-11 04:51:01.848414,0 days 00:01:23.007621,512,0.8035740191482068,256,0.0001403086012389861,0.7127351183002212,3,,128,,0.004128769368671084,COMPLETE
142,0.7426349396424541,2026-08-11 04:51:01.911119,2026-08-11 04:56:17.867216,0 days 00:05:15.956097,64,0.821034173707934,256,0.0001495975721562614,0.6069157735972972,2,,512,,0.004077133385307884,COMPLETE
143,0.7466539840826492,2026-08-11 04:56:17.927776,2026-08-11 05:00:28.682050,0 days 00:04:10.754274,64,0.8111129987962861,256,0.00015763478866519907,0.5153451374348953,2,,512,,0.00277569618024325,COMPLETE
144,0.7419430139272327,2026-08-11 05:00:28.736406,2026-08-11 05:04:46.313281,0 days 00:04:17.576875,64,0.8094447176100363,256,0.00012623349615911172,0.5193564790369695,2,,512,,0.0028443415234530598,COMPLETE
145,0.7407340146171633,2026-08-11 05:04:46.394130,2026-08-11 05:09:31.328853,0 days 00:04:44.934723,64,0.7436421809149032,256,0.00015888236229225796,0.5044825861408422,2,,512,,0.002697161156685331,COMPLETE
146,0.7458439127119704,2026-08-11 05:09:31.389015,2026-08-11 05:14:17.019827,0 days 00:04:45.630812,64,0.7558566610091294,256,0.000143473748570567,0.5391195145617035,2,,512,,0.003881853443824184,COMPLETE
147,0.7406079505837161,2026-08-11 05:14:17.083754,2026-08-11 05:18:47.876990,0 days 00:04:30.793236,64,0.8031760661474069,256,0.00015230905862472584,0.474014403130461,2,,512,,0.0040574405613227945,COMPLETE
148,0.7397614625006282,2026-08-11 05:18:47.944922,2026-08-11 05:23:39.682615,0 days 00:04:51.737693,64,0.83024239069323,256,0.00010727900021501509,0.5146914796992793,2,,512,,0.0027961570246654356,COMPLETE
149,0.7403754164854867,2026-08-11 05:23:39.748850,2026-08-11 05:28:09.577868,0 days 00:04:29.829018,64,0.8105554849988551,256,0.0001697108207292391,0.4537275916544209,2,,512,,0.004233747060287133,COMPLETE
150,0.7361541452928475,2026-08-11 05:28:09.677993,2026-08-11 05:32:43.711358,0 days 00:04:34.033365,64,0.7528885897414109,1024,0.0002225406804084827,0.6876115895385817,2,,512,,0.002479673624167163,COMPLETE
151,0.7389069297544055,2026-08-11 05:32:43.772863,2026-08-11 05:37:12.503722,0 days 00:04:28.730859,64,0.8161704685006503,128,9.773788008401153e-05,0.48596860690454413,2,,512,,0.002576825060263925,COMPLETE
152,0.33957450540661305,2026-08-11 05:37:12.564003,2026-08-11 05:38:42.400688,0 days 00:01:29.836685,256,0.7478107287616763,512,0.0001795075775392606,0.6536858779612152,2,,512,,0.0027219666262128517,COMPLETE
153,0.7436912125751783,2026-08-11 05:38:42.472016,2026-08-11 05:43:16.824439,0 days 00:04:34.352423,64,0.7973531727927252,256,0.00023995187687236174,0.6381505936513545,2,,512,,0.0029012478787935328,COMPLETE
154,0.7477811842602129,2026-08-11 05:43:16.920269,2026-08-11 05:48:13.376641,0 days 00:04:56.456372,64,0.8047648715481982,512,0.00021973480546127853,0.6725081945226234,2,,512,,0.0027714975138401,COMPLETE
155,0.7400315583453196,2026-08-11 05:48:13.437430,2026-08-11 05:53:46.215933,0 days 00:05:32.778503,64,0.8662594432737256,512,0.00021736992956777483,0.6723749435416789,2,,512,,0.0027762783336027666,COMPLETE
156,0.7433838652083233,2026-08-11 05:53:46.280630,2026-08-11 05:58:35.064014,0 days 00:04:48.783384,64,0.8061596048537352,512,0.00020058547572201693,0.6623349025817106,2,,512,,0.0026591384389255514,COMPLETE
157,0.7412362703514839,2026-08-11 05:58:35.123061,2026-08-11 06:03:22.773327,0 days 00:04:47.650266,64,0.8013582765467382,512,0.0001621289848542924,0.6801911049341077,2,,512,,0.0026077651149131976,COMPLETE
158,0.7452462515431997,2026-08-11 06:03:22.827054,2026-08-11 06:07:46.624208,0 days 00:04:23.797154,64,0.8058742291027554,512,0.00013052153375296783,0.6927396258644115,2,,512,,0.0027604308636127953,COMPLETE
159,0.7456620453126875,2026-08-11 06:07:46.684330,2026-08-11 06:12:56.207193,0 days 00:05:09.522863,64,0.8206252517362519,512,0.00018895904343922711,0.6495912662733792,2,,512,,0.002849873853209622,COMPLETE
160,0.7329466377832172,2026-08-11 06:12:56.278807,2026-08-11 06:18:37.256151,0 days 00:05:40.977344,64,0.7916956163113692,1024,0.00011935378440736085,0.6243283754878511,1,,64,,0.0026834260414039506,COMPLETE
161,0.740933656086421,2026-08-11 06:18:37.313922,2026-08-11 06:23:17.143992,0 days 00:04:39.830070,64,0.7998283289022764,32,0.00015407626799381768,0.6590416926156901,2,,512,,0.002715429092125908,COMPLETE
162,0.7457990448930266,2026-08-11 06:23:17.209707,2026-08-11 06:28:20.186807,0 days 00:05:02.977100,64,0.8105932903855917,512,0.00014561639713157263,0.7012317385560075,2,,512,,0.0041750235530493935,COMPLETE
163,0.7407921037037462,2026-08-11 06:28:20.246978,2026-08-11 06:32:53.773740,0 days 00:04:33.526762,64,0.8402759470413577,256,0.00023939885287948244,0.6444062862167165,2,,512,,0.002779540624253948,COMPLETE
164,0.7484049464944401,2026-08-11 06:32:53.834904,2026-08-11 06:37:21.743536,0 days 00:04:27.908632,64,0.7957468475306566,512,0.00020689096648039264,0.5267217287430733,2,,512,,0.002830061119390971,COMPLETE
165,0.7382087481651831,2026-08-11 06:37:21.806679,2026-08-11 06:41:24.846834,0 days 00:04:03.040155,64,0.7945744622554317,512,0.00020769469198996185,0.4952490427477181,2,,512,,0.002834549541751767,COMPLETE
166,0.7462353844607413,2026-08-11 06:41:24.911991,2026-08-11 06:45:45.121605,0 days 00:04:20.209614,64,0.788986607623255,512,0.00021727039037979513,0.5454919139557408,2,,512,,0.0028837662190163197,COMPLETE
167,0.7451068731170915,2026-08-11 06:45:45.191887,2026-08-11 06:50:08.445540,0 days 00:04:23.253653,64,0.7776790771436852,512,0.00019125960824427875,0.5709794084859876,2,,512,,0.0028805277741180617,COMPLETE
168,0.5621721710281257,2026-08-11 06:50:08.530469,2026-08-11 06:53:31.576550,0 days 00:03:23.046081,128,0.7985631785461793,512,0.0002158693972752516,0.5231493649218678,2,,32,,0.0027485216640403343,COMPLETE
169,0.7386530638325043,2026-08-11 06:53:31.655102,2026-08-11 06:58:20.428250,0 days 00:04:48.773148,64,0.7863939511790631,512,0.00020368074866796736,0.5433224509856398,2,,512,,0.0038154224627661554,COMPLETE
170,0.7407624059979696,2026-08-11 06:58:20.507391,2026-08-11 07:02:42.326986,0 days 00:04:21.819595,64,0.7822432369566273,512,0.00022367634626383314,0.5281946017803679,2,,512,,0.002820382616160881,COMPLETE
171,0.7350719529958792,2026-08-11 07:02:42.401670,2026-08-11 07:07:56.123428,0 days 00:05:13.721758,64,0.7899138857595174,512,0.0001828794002347917,0.4896516711223413,3,,512,,0.002909774602374574,COMPLETE
172,0.7383538430940587,2026-08-11 07:07:56.184933,2026-08-11 07:12:14.146093,0 days 00:04:17.961160,64,0.8036519063028789,512,0.00017784538011637543,0.505992504425876,2,,256,,0.003964330199572188,COMPLETE
173,0.7417455527616839,2026-08-11 07:12:14.214801,2026-08-11 07:16:21.710511,0 days 00:04:07.495710,64,0.7953223442718557,512,0.00013794203400915143,0.5088448431122823,2,,512,,0.004074229165640563,COMPLETE
174,0.7512953025665738,2026-08-11 07:16:21.793436,2026-08-11 07:20:13.305730,0 days 00:03:51.512294,64,0.8128717405451571,512,0.00016612853696631563,0.5307054187199917,2,,512,,0.002789184470563607,COMPLETE
175,0.7523890735724963,2026-08-11 07:20:13.387174,2026-08-11 07:24:07.010986,0 days 00:03:53.623812,64,0.8118683477084544,512,0.00016495693913383275,0.5311800426077677,2,,512,,0.002857867279812085,COMPLETE
176,0.7383363613347603,2026-08-11 07:24:07.079885,2026-08-11 07:28:05.088079,0 days 00:03:58.008194,64,0.8084049491874715,512,0.00016706145840312859,0.5536520399192848,2,,512,,0.002797606463862191,COMPLETE
177,0.7468712223491549,2026-08-11 07:28:05.143172,2026-08-11 07:31:21.371942,0 days 00:03:16.228770,64,0.8120267674654216,512,0.00015830874564712696,0.5340683906334586,2,,512,,0.0027347941699523053,COMPLETE
178,0.7481512126557374,2026-08-11 07:31:21.429506,2026-08-11 07:35:20.116946,0 days 00:03:58.687440,64,0.8130077108585135,512,0.00015956862756504785,0.5257608804499087,2,,512,,0.002717428388844373,COMPLETE
179,0.7472829611677783,2026-08-11 07:35:20.179301,2026-08-11 07:39:26.330611,0 days 00:04:06.151310,64,0.8147452403013509,512,0.0001601171038043433,0.5313767360202277,2,,512,,0.002719395364999144,COMPLETE
180,0.3457983671447915,2026-08-11 07:39:26.404980,2026-08-11 07:40:22.353820,0 days 00:00:55.948840,512,0.8163477933239813,512,0.00015720730754476974,0.5322868628745422,2,,128,,0.002715679025858028,COMPLETE
181,0.7482794466287437,2026-08-11 07:40:22.413336,2026-08-11 07:44:44.916199,0 days 00:04:22.502863,64,0.8129176403755474,512,0.00016286415150200463,0.5241708235947846,2,,512,,0.0028411061502907923,COMPLETE
182,0.7475891701470688,2026-08-11 07:44:45.010953,2026-08-11 07:48:51.879915,0 days 00:04:06.868962,64,0.8134649665458888,512,0.00016604126657280565,0.5260346955216062,2,,512,,0.002836743889085721,COMPLETE
183,0.7464785888856608,2026-08-11 07:48:51.966272,2026-08-11 07:53:29.922537,0 days 00:04:37.956265,64,0.8117930926730613,512,0.00016371220374405458,0.5207784337515213,2,,512,,0.002803134014337365,COMPLETE
184,0.7376441268495029,2026-08-11 07:53:29.996346,2026-08-11 07:57:23.740363,0 days 00:03:53.744017,64,0.8142776194134962,512,0.00017311644852743976,0.5141249352859371,2,,512,,0.002848642363872262,COMPLETE
185,0.7423198724829808,2026-08-11 07:57:23.821269,2026-08-11 08:01:01.335223,0 days 00:03:37.513954,64,0.8232855028031563,512,0.0001566325274724737,0.5259824489288759,2,,512,,0.002980537574104624,COMPLETE
186,0.749482508248698,2026-08-11 08:01:01.395941,2026-08-11 08:04:50.231538,0 days 00:03:48.835597,64,0.818416101054295,512,0.00016816671247816753,0.552548292645187,2,,512,,0.0027592224568938205,COMPLETE
187,0.7444534052902864,2026-08-11 08:04:50.297999,2026-08-11 08:08:50.248852,0 days 00:03:59.950853,64,0.8174846046045708,512,0.00016798281403075646,0.5598437301067799,2,,512,,0.0026811374866446236,COMPLETE
188,0.7459753742405532,2026-08-11 08:08:50.314907,2026-08-11 08:12:50.152597,0 days 00:03:59.837690,64,0.8229555170692401,512,0.0001485586903554807,0.5400388291292508,2,,512,,0.0028276858463796807,COMPLETE
189,0.7395533777990608,2026-08-11 08:12:50.242457,2026-08-11 08:16:22.726945,0 days 00:03:32.484488,64,0.8194623863315311,512,0.00017408662669264274,0.5323905189183524,2,,512,,0.0027348002578031876,COMPLETE
190,0.745012349726686,2026-08-11 08:16:22.788242,2026-08-11 08:20:29.687472,0 days 00:04:06.899230,64,0.813541734350508,512,0.00016342648500147867,0.5522770256926255,2,,512,,0.0026552157998122362,COMPLETE
191,0.7405014429857405,2026-08-11 08:20:29.748097,2026-08-11 08:24:12.060462,0 days 00:03:42.312365,64,0.8086250063237108,512,0.00015119141319242817,0.5308703755659373,2,,512,,0.00284414648149708,COMPLETE
192,0.33701762459098844,2026-08-11 08:24:12.164094,2026-08-11 08:25:25.189426,0 days 00:01:13.025332,256,0.8300876986253267,512,0.00016866360293173974,0.5405255747402037,2,,512,,0.002771070622254376,COMPLETE
193,0.7422619680609561,2026-08-11 08:25:25.248272,2026-08-11 08:29:31.093897,0 days 00:04:05.845625,64,0.8126039165718099,512,0.00015893801189400267,0.546739871864574,2,,512,,0.002782382470836159,COMPLETE
194,0.7427458988929794,2026-08-11 08:29:31.152940,2026-08-11 08:33:45.429040,0 days 00:04:14.276100,64,0.8270899692783472,512,0.00015930741594909559,0.5139004002251875,2,,512,,0.002728357846040561,COMPLETE
195,0.7482768927136338,2026-08-11 08:33:45.497366,2026-08-11 08:37:43.536421,0 days 00:03:58.039055,64,0.8099746148581924,512,0.0001787696939416807,0.5236687187681667,2,,512,,0.002874745960374767,COMPLETE
196,0.7401536086695945,2026-08-11 08:37:43.590559,2026-08-11 08:41:37.518081,0 days 00:03:53.927522,64,0.8169402145303776,512,0.00018092214900467234,0.5274386778722805,2,,512,,0.002951041141996428,COMPLETE
197,0.7412780441690994,2026-08-11 08:41:37.574400,2026-08-11 08:45:27.726508,0 days 00:03:50.152108,64,0.8072479629666399,512,0.00017278655285005222,0.5371545085424652,2,,512,,0.0028685604165807517,COMPLETE
198,0.7469312498340369,2026-08-11 08:45:27.789647,2026-08-11 08:49:04.670301,0 days 00:03:36.880654,64,0.820090139196861,512,0.0001648032524047682,0.5059109444568888,2,,512,,0.0029083677502866755,COMPLETE
199,0.7442894503579364,2026-08-11 08:49:04.736848,2026-08-11 08:52:55.387326,0 days 00:03:50.650478,64,0.8225366373570462,512,0.00019364554289277657,0.567685277247058,2,,512,,0.0029132772195141665,COMPLETE
200,0.7469070382452716,2026-08-11 08:52:55.510192,2026-08-11 08:55:47.842940,0 days 00:02:52.332748,64,0.8184955673643911,512,0.0001657736046404762,0.5017864345274159,1,,512,,0.00280966687323455,COMPLETE
201,0.7395069477545637,2026-08-11 08:55:47.915110,2026-08-11 08:58:45.619470,0 days 00:02:57.704360,64,0.815708411413465,512,0.00017528033858937918,0.5242953955145553,2,,512,,0.0028680540572473563,COMPLETE
202,0.7185815444144399,2026-08-11 08:58:45.717172,2026-08-11 09:03:15.039654,0 days 00:04:29.322482,64,0.8246717240064484,512,0.00018524803529479112,0.5091438599320262,2,,64,,0.002929581082581483,COMPLETE
203,0.7450997408486941,2026-08-11 09:03:15.100914,2026-08-11 09:07:16.040009,0 days 00:04:00.939095,64,0.8199226154679554,512,0.00016289398894211518,0.4922246000556558,2,,512,,0.0027981263972030653,COMPLETE
204,0.7444459347707523,2026-08-11 09:07:16.118377,2026-08-11 09:10:01.504929,0 days 00:02:45.386552,64,0.7491142032695922,512,0.00015172867054625308,0.5074394582783436,1,,512,,0.0028241751317466127,COMPLETE
205,0.7425451101172225,2026-08-11 09:10:01.576615,2026-08-11 09:13:51.122134,0 days 00:03:49.545519,64,0.7424042361493797,512,0.0001675567562552935,0.47518084153347717,2,,512,,0.0028227528340312746,COMPLETE
206,0.7453809698619467,2026-08-11 09:13:51.170273,2026-08-11 09:16:53.560559,0 days 00:03:02.390286,64,0.8170500381226563,512,0.00014445522508713192,0.4996191478507733,1,,512,,0.002768492504756256,COMPLETE
207,0.7414629868900895,2026-08-11 09:16:53.617525,2026-08-11 09:19:40.072549,0 days 00:02:46.455024,64,0.7375968190191793,512,0.00016425160109989826,0.6658838891746102,1,,512,,0.0028697093187690374,COMPLETE
208,0.7421865585015277,2026-08-11 09:19:40.242234,2026-08-11 09:22:25.788337,0 days 00:02:45.546103,64,0.8069480496762051,512,0.0001784035432028972,0.525109354099008,1,,512,,0.0029092236974638443,COMPLETE
209,0.5746233107571437,2026-08-11 09:22:25.857815,2026-08-11 09:24:19.130374,0 days 00:01:53.272559,128,0.8207422775838752,1024,0.00015176709952994817,0.6723138180245268,1,,512,,0.002708334724818995,COMPLETE
210,0.7131813816473869,2026-08-11 09:24:19.188499,2026-08-11 09:29:53.716252,0 days 00:05:34.527753,64,0.8096215458382386,512,0.00016985299580732694,0.514915787671922,2,,32,,0.0030303134525307396,COMPLETE
211,0.7479704974836513,2026-08-11 09:29:53.775098,2026-08-11 09:34:13.626837,0 days 00:04:19.851739,64,0.8145929840170153,128,0.0001536101984457779,0.5019721851180277,3,,512,,0.0028392754360477205,COMPLETE
212,0.735900910990291,2026-08-11 09:34:13.698506,2026-08-11 09:38:43.526141,0 days 00:04:29.827635,64,0.8145027426683635,128,0.00015656398932252497,0.6548396783723738,3,,512,,0.002956317195983902,COMPLETE
213,0.7470541442422953,2026-08-11 09:38:43.589439,2026-08-11 09:43:20.570641,0 days 00:04:36.981202,64,0.8121753399285758,128,0.00016457607778489839,0.48300453615919225,3,,512,,0.002842464039426572,COMPLETE
214,0.7360675122083495,2026-08-11 09:43:20.628543,2026-08-11 09:47:44.641006,0 days 00:04:24.012463,64,0.802089543596252,128,0.0001477822505053687,0.49018380759825425,3,,512,,0.002847517400643039,COMPLETE
215,0.7383682799967113,2026-08-11 09:47:44.692470,2026-08-11 09:52:15.210444,0 days 00:04:30.517974,64,0.810761243263831,128,0.0001614231512657768,0.4846158503619824,3,,512,,0.0028877403343126325,COMPLETE
216,0.7502597185944602,2026-08-11 09:52:15.269638,2026-08-11 09:56:41.814103,0 days 00:04:26.544465,64,0.8060943009809381,128,0.00015340296795107971,0.5208012296742335,3,,512,,0.0027683836269452736,COMPLETE
217,0.7422008913867006,2026-08-11 09:56:41.890028,2026-08-11 10:00:55.441946,0 days 00:04:13.551918,64,0.8059230517907812,128,0.00014397185412987973,0.5214865645969665,3,,512,,0.0027489086029770663,COMPLETE
218,0.7371499667537171,2026-08-11 10:00:55.510093,2026-08-11 10:05:29.512599,0 days 00:04:34.002506,64,0.8002557493633492,128,0.00014155267057644133,0.4797498101223621,3,,512,,0.002788666268409269,COMPLETE
219,0.7469372485638439,2026-08-11 10:05:29.571587,2026-08-11 10:09:45.788354,0 days 00:04:16.216767,64,0.7524236579726593,128,0.00015244287593371228,0.4589737026395065,3,,512,,0.002691704442941268,COMPLETE
220,0.7344141650500999,2026-08-11 10:09:45.868781,2026-08-11 10:14:18.937920,0 days 00:04:33.069139,64,0.8084802665394564,128,0.0001732360092883636,0.5460151314027575,3,,256,,0.0027602426626948695,COMPLETE
221,0.35866178883105165,2026-08-11 10:14:18.998077,2026-08-11 10:15:29.733714,0 days 00:01:10.735637,512,0.8120637602976214,128,0.0001530099443900832,0.4672604576052368,3,,512,,0.0026329340599805587,COMPLETE
222,,2026-08-11 10:15:29.807399,2026-08-11 10:19:12.330105,0 days 00:03:42.522706,64,0.8040331757411618,128,0.00018823844576604975,0.6744899854807148,3,,512,,0.0028248256111257815,FAIL
223,0.7364570038136045,2026-08-12 04:49:39.140188,2026-08-12 04:54:54.667306,0 days 00:05:15.527118,64,0.8036944692341864,128,0.00018632697599630117,0.5181877978300096,3,,128,,0.0028258115696254177,COMPLETE
224,0.7429751183351249,2026-08-12 04:54:54.767088,2026-08-12 04:59:44.582896,0 days 00:04:49.815808,64,0.7546527908530544,128,0.0001534214636310829,0.4519869093483031,3,,512,,0.0026845611436676835,COMPLETE
225,0.7420522647942792,2026-08-12 04:59:44.634044,2026-08-12 05:03:25.203429,0 days 00:03:40.569385,64,0.7575288984749958,128,0.00014891005497738298,0.44380089840151304,3,,512,,0.002693521953744039,COMPLETE
226,0.7395026860276144,2026-08-12 05:03:25.260545,2026-08-12 05:07:15.841912,0 days 00:03:50.581367,64,0.7518738394732866,128,0.00015628236880038681,0.4632884482081003,3,,512,,0.0027395951023193414,COMPLETE
227,0.7479133917423271,2026-08-12 05:07:15.898250,2026-08-12 05:11:48.882622,0 days 00:04:32.984372,64,0.8059532040371515,128,0.00016161159825127784,0.6756277230959644,3,,512,,0.0027951085417119346,COMPLETE
228,0.7460520665148794,2026-08-12 05:11:48.939188,2026-08-12 05:16:17.601406,0 days 00:04:28.662218,64,0.80543140939119,128,0.00016117813281131907,0.6828353844794831,3,,512,,0.002811090286775924,COMPLETE
229,0.7431691531407725,2026-08-12 05:16:17.678094,2026-08-12 05:20:40.891504,0 days 00:04:23.213410,64,0.812712143841844,128,0.00017154913965336193,0.6722283362914507,3,,512,,0.002856042295670047,COMPLETE
230,0.7429620235359448,2026-08-12 05:20:40.950287,2026-08-12 05:25:57.494960,0 days 00:05:16.544673,64,0.8146553865522919,32,0.00017982457892913746,0.6588756439701875,3,,512,,0.003900779897474518,COMPLETE
231,0.7436410724851399,2026-08-12 05:25:57.561421,2026-08-12 05:30:54.729677,0 days 00:04:57.168256,64,0.8087662730138692,1024,0.0001624366347774059,0.6751761252029763,3,,512,,0.002769698088755982,COMPLETE
232,0.7375012475153073,2026-08-12 05:30:54.834203,2026-08-12 05:34:57.949709,0 days 00:04:03.115506,64,0.7455357604721861,128,0.0002010735350560333,0.5319932706947602,3,,512,,0.002794494889120637,COMPLETE
233,0.7445243613480153,2026-08-12 05:34:58.016162,2026-08-12 05:40:25.363002,0 days 00:05:27.346840,64,0.798888228472299,512,0.00013911201919727028,0.6633585494983731,3,,512,,0.004030283154296669,COMPLETE
234,0.744938540233321,2026-08-12 05:40:25.433678,2026-08-12 05:44:17.459418,0 days 00:03:52.025740,64,0.7507614667065743,128,0.00015545723137144036,0.6473057753407433,3,,512,,0.002713920211374164,COMPLETE
235,,2026-08-12 05:44:17.521900,2026-08-12 05:47:18.313839,0 days 00:03:00.791939,64,0.8059071795271069,128,0.00014594766507320235,0.6842942033802886,3,,512,,0.002749791067491813,FAIL
236,,2026-08-12 05:48:10.374940,2026-08-12 05:48:23.843149,0 days 00:00:13.468209,64,0.8153440858593013,128,0.00014814479156447012,0.5251947497791946,3,,512,0.7051233889086692,0.0026596158737542145,FAIL
237,,2026-08-12 05:48:36.868028,2026-08-12 05:48:37.426602,0 days 00:00:00.558574,64,0.8058573207443395,128,0.00014796034077364968,0.685818125703092,3,,512,1.253087819317134,0.002661472898145235,FAIL
238,,2026-08-12 05:49:35.728213,2026-08-12 05:49:36.229602,0 days 00:00:00.501389,64,0.8048864062139854,128,0.00014718138766234135,0.5246222488461947,3,,512,1.2069497990537421,0.002751108193717612,FAIL
239,,2026-08-12 05:54:03.458333,2026-08-12 05:54:03.634377,0 days 00:00:00.176044,64,0.8050921954594785,128,0.0001465172781946168,0.5249852064719661,3,,512,,0.002743261744879379,FAIL
240,0.7327270703947193,2026-08-12 05:54:51.192879,2026-08-12 06:02:28.571884,0 days 00:07:37.379005,64,0.8065394906189559,128,0.00014892797698784702,0.6820624595138584,3,3.0,512,,0.002760954353975635,COMPLETE
241,0.7395184561391825,2026-08-12 06:02:28.645969,2026-08-12 06:09:05.259600,0 days 00:06:36.613631,64,0.8101870445824215,128,0.00016875788816881512,0.5268953937972237,3,2.0,512,,0.002673875607728703,COMPLETE
242,0.7425181348494617,2026-08-12 06:09:05.336338,2026-08-12 06:13:44.433525,0 days 00:04:39.097187,64,0.7611917799733166,128,0.00015869620154294718,0.666901768374784,3,1.0,512,,0.0028400639825273922,COMPLETE
243,0.33852625714404444,2026-08-12 06:13:44.502905,2026-08-12 06:16:48.781155,0 days 00:03:04.278250,256,0.8160644398084603,128,0.0001459588276889502,0.5381467535564795,3,3.0,512,,0.002794360947333819,COMPLETE
244,0.7404030191464678,2026-08-12 06:16:48.837230,2026-08-12 06:21:38.738388,0 days 00:04:49.901158,64,0.8022882326715977,512,0.00015287034340214105,0.5200800346869715,2,2.0,512,,0.0027177950771137016,COMPLETE
245,,2026-08-12 06:21:38.794754,2026-08-12 06:22:21.879728,0 days 00:00:43.084974,64,0.8136588867273685,512,0.00017551938576883976,0.5111920852628865,2,1.0,512,,0.002624990739252641,FAIL
246,,2026-08-12 06:22:39.515233,2026-08-12 06:23:58.964062,0 days 00:01:19.448829,64,0.8134587179234404,512,0.00016643697993798433,0.6918290541512285,2,1.0,512,,0.00262027912763609,FAIL
247,0.7546033571856069,2026-08-12 06:24:08.760921,2026-08-12 06:28:03.777835,0 days 00:03:55.016914,64,0.7473059208462833,512,0.0001646868940663317,0.5117137044310569,2,1.0,512,,0.0032871204191534612,COMPLETE
248,0.7635241654590359,2026-08-12 06:28:03.886269,2026-08-12 06:31:07.788924,0 days 00:03:03.902655,64,0.7456309551402671,512,0.00016773189365295026,0.5136375477637428,2,1.0,512,,0.0033403488548619277,COMPLETE
249,,2026-08-12 06:31:07.859324,2026-08-12 06:33:58.080046,0 days 00:02:50.220722,64,0.744609664514434,512,0.00017076348675747479,0.515598205776834,2,1.0,512,,0.0032477929424204613,FAIL
250,0.7684352489127325,2026-08-12 06:34:02.450252,2026-08-12 06:37:23.767700,0 days 00:03:21.317448,64,0.7427142360089525,512,0.0001761850838167857,0.5166474399302594,2,1.0,512,,0.003471038530269548,COMPLETE
251,0.7547436167922585,2026-08-12 06:37:23.843384,2026-08-12 06:40:26.382607,0 days 00:03:02.539223,64,0.7426903949653231,512,0.00018104821584770647,0.5157310679114493,2,1.0,512,,0.0031455274992557183,COMPLETE
252,,2026-08-12 06:40:26.447251,2026-08-12 06:40:45.509382,0 days 00:00:19.062131,64,0.738338492197931,512,0.00017734605035116756,0.513728469282912,2,1.0,512,,0.003239779014206428,FAIL
253,,2026-08-12 06:41:43.296459,2026-08-12 06:43:44.929633,0 days 00:02:01.633174,64,0.7448414707487069,512,0.00017358872287478455,0.5098646462080136,2,1.0,512,,0.003321663411187664,FAIL
254,0.764587834073333,2026-08-12 06:43:46.503209,2026-08-12 06:48:36.969397,0 days 00:04:50.466188,64,0.7424676697187866,512,0.00017644196529490526,0.5153095863214547,2,1.0,512,,0.0033564668563616333,COMPLETE
255,0.755051747889365,2026-08-12 06:48:37.065531,2026-08-12 06:53:20.373421,0 days 00:04:43.307890,64,0.736709318336027,512,0.00017993648971295897,0.5115637456787199,2,1.0,512,,0.003262272229028127,COMPLETE
256,0.7675125846336625,2026-08-12 06:53:20.460193,2026-08-12 06:57:28.054344,0 days 00:04:07.594151,64,0.738348108409199,512,0.00019300638267590148,0.5059326778816607,2,1.0,512,,0.0032710574005607794,COMPLETE
257,0.7532166454313011,2026-08-12 06:57:28.126765,2026-08-12 07:02:09.588649,0 days 00:04:41.461884,64,0.7361086717073324,512,0.0001941411026277504,0.5081313816846256,2,1.0,512,,0.00338600530622838,COMPLETE
258,0.7588306905836447,2026-08-12 07:02:09.664507,2026-08-12 07:06:32.871216,0 days 00:04:23.206709,64,0.7313587034691381,512,0.0001893366547202776,0.5002333922036287,2,1.0,512,,0.0032874878342797906,COMPLETE
259,0.7646606534788846,2026-08-12 07:06:32.940870,2026-08-12 07:10:56.181852,0 days 00:04:23.240982,64,0.7303255607009229,512,0.00019266145181692735,0.4982093356719889,2,1.0,512,,0.0032816155646706083,COMPLETE
260,0.7561944977142013,2026-08-12 07:10:56.251872,2026-08-12 07:15:17.634508,0 days 00:04:21.382636,64,0.7345738240239623,512,0.00019217236390369134,0.5109148250786012,2,1.0,512,,0.0033000723431839095,COMPLETE
261,0.7599563333353214,2026-08-12 07:15:17.715086,2026-08-12 07:19:52.929525,0 days 00:04:35.214439,64,0.734066642904566,512,0.00019389034193046956,0.5096230667869519,2,1.0,512,,0.003304081913419947,COMPLETE
262,0.7564859517728748,2026-08-12 07:19:53.025139,2026-08-12 07:25:11.766219,0 days 00:05:18.741080,64,0.7310784184108416,512,0.00019289903589579622,0.5101296228860509,2,1.0,64,,0.0032833211522276654,COMPLETE
263,0.7567621448202767,2026-08-12 07:25:11.845441,2026-08-12 07:29:03.398808,0 days 00:03:51.553367,64,0.7330276260648019,512,0.0001934145022672092,0.5086382278048469,2,1.0,64,,0.0032937721382765082,COMPLETE
264,0.7561392393735514,2026-08-12 07:29:03.467631,2026-08-12 07:33:05.447029,0 days 00:04:01.979398,128,0.7323270674620034,512,0.00019079835021008852,0.4971160458604681,2,1.0,64,,0.0033083163418517886,COMPLETE
265,0.7461361189349175,2026-08-12 07:33:05.518572,2026-08-12 07:37:03.577099,0 days 00:03:58.058527,128,0.7314028275833788,512,0.00019385476816597918,0.4990244783746949,2,1.0,64,,0.0032892168772997534,COMPLETE
266,0.7528412688223269,2026-08-12 07:37:03.656249,2026-08-12 07:41:00.954762,0 days 00:03:57.298513,128,0.7350501889879391,512,0.00019292739548371765,0.5090516229339314,2,1.0,64,,0.0033749940300109825,COMPLETE
267,0.7500311651168865,2026-08-12 07:41:01.028871,2026-08-12 07:44:53.391462,0 days 00:03:52.362591,128,0.7253262168289983,512,0.00019262196233190215,0.508036273578701,2,1.0,64,,0.0034106346334035575,COMPLETE
268,0.7463462007707115,2026-08-12 07:44:53.465959,2026-08-12 07:48:53.924613,0 days 00:04:00.458654,128,0.7232715809141583,512,0.0001921247701358922,0.5086097600230047,2,1.0,64,,0.0033800442491146517,COMPLETE
269,,2026-08-12 07:48:53.990010,2026-08-12 07:51:42.295413,0 days 00:02:48.305403,128,0.7352677844768306,512,0.00019773147208152885,0.49521550439837975,2,1.0,64,,0.0032617961524583866,FAIL
270,0.7455622206436743,2026-08-12 07:51:54.468661,2026-08-12 07:53:04.027755,0 days 00:01:09.559094,512,0.735429157529156,512,0.0001982642224375972,0.49621146802271865,2,1.0,64,,0.0032295408478119013,COMPLETE
271,0.7495218152503672,2026-08-12 07:53:04.092676,2026-08-12 07:54:55.436825,0 days 00:01:51.344149,128,0.7290039022602842,512,0.00019101758139387963,0.5108068484195882,2,1.0,64,,0.0033939622697143944,COMPLETE
272,0.7520884918733715,2026-08-12 07:54:55.519593,2026-08-12 07:56:39.823333,0 days 00:01:44.303740,128,0.7350426217407082,512,0.0001872301660525098,0.50274331028911,2,1.0,64,,0.0033107310395511396,COMPLETE
273,0.7485195043137947,2026-08-12 07:56:40.003977,2026-08-12 07:58:19.458917,0 days 00:01:39.454940,128,0.7391737599521697,512,0.00018638709498775019,0.4933561845901935,2,1.0,64,,0.0032980309618969475,COMPLETE
274,0.7428842395991363,2026-08-12 07:58:19.536286,2026-08-12 08:00:00.684741,0 days 00:01:41.148455,128,0.7356020785826118,512,0.00020412289831753683,0.49997269079346823,2,1.0,64,,0.0032330574546348186,COMPLETE
275,0.7540487199126469,2026-08-12 08:00:00.757153,2026-08-12 08:01:39.639622,0 days 00:01:38.882469,128,0.7322817104869043,512,0.00018497906158161548,0.5122430098532701,2,1.0,64,,0.00335918342823072,COMPLETE
276,0.7410771248358133,2026-08-12 08:01:39.705437,2026-08-12 08:03:25.867796,0 days 00:01:46.162359,128,0.7316488063697361,512,0.00018514317074133657,0.5098589607416547,2,1.0,64,,0.003351907304567347,COMPLETE
277,0.7441860444359222,2026-08-12 08:03:25.935360,2026-08-12 08:05:10.466464,0 days 00:01:44.531104,128,0.7328469645505006,512,0.00019587719001220948,0.49187286166355987,2,1.0,64,,0.003461332899339534,COMPLETE
278,0.7519090211319929,2026-08-12 08:05:10.525453,2026-08-12 08:06:59.258607,0 days 00:01:48.733154,128,0.7407606800622369,512,0.00020688101082531145,0.5025748656254805,2,1.0,64,,0.00327105518900126,COMPLETE
279,0.7522136854815038,2026-08-12 08:06:59.318546,2026-08-12 08:08:57.571737,0 days 00:01:58.253191,128,0.7390548723067062,512,0.00020517706932185513,0.5021191106479203,2,1.0,64,,0.0032694019432093174,COMPLETE
280,0.7461673396283259,2026-08-12 08:08:57.647971,2026-08-12 08:10:51.564862,0 days 00:01:53.916891,128,0.7383265042674797,512,0.00019796239921871108,0.5024352766294474,2,1.0,64,,0.0032708281028614454,COMPLETE
281,0.7465055504453733,2026-08-12 08:10:51.631646,2026-08-12 08:13:50.713177,0 days 00:02:59.081531,128,0.7410444361715953,512,0.00018517689926386162,0.5133416884961863,2,1.0,64,,0.0031895850401125617,COMPLETE
282,0.7539485627288447,2026-08-12 08:13:50.792754,2026-08-12 08:19:14.160486,0 days 00:05:23.367732,128,0.7335251751269588,512,0.00021042583144166704,0.4904477544087061,2,1.0,64,,0.0033337012196222207,COMPLETE
283,0.7429909204035764,2026-08-12 08:19:14.242702,2026-08-12 08:23:05.314723,0 days 00:03:51.072021,128,0.7352041272450496,512,0.00021111223643447997,0.4849043857149241,2,1.0,64,,0.003330709996226537,COMPLETE
284,0.7481109990428817,2026-08-12 08:23:05.390391,2026-08-12 08:27:46.770076,0 days 00:04:41.379685,128,0.730547637839301,512,0.00020544143608377928,0.4999212758512075,2,1.0,64,,0.0033328063455452107,COMPLETE
