number,value,datetime_start,datetime_complete,duration,params_batch,params_dp,params_h_size,params_lr,params_ls,params_out_c_mult,params_out_ch,params_wd,state
0,0.3573831427288301,2026-08-10 08:24:36.351550,2026-08-10 08:25:10.444681,0 days 00:00:34.093131,256,0.2856285190647381,64,6.450984768757609e-05,0.6623140070030727,,256,0.0020212429762443535,COMPLETE
1,0.647177256173987,2026-08-10 08:25:10.516443,2026-08-10 08:33:09.125009,0 days 00:07:58.608566,64,0.15172369551554096,1024,1.999155195042587e-05,0.06220286463887026,,32,0.0011399302043645892,COMPLETE
2,0.5217251202417754,2026-08-10 08:33:09.180627,2026-08-10 08:35:53.546486,0 days 00:02:44.365859,128,0.2216034846928805,64,3.178401053075137e-05,0.4008572192337898,,32,0.0008489374203238976,COMPLETE
3,0.5391025104706457,2026-08-10 08:35:53.594914,2026-08-10 08:38:11.824526,0 days 00:02:18.229612,128,0.19712796249281078,32,1.2411426116547748e-05,0.0010701547542436574,,256,0.0007662780129396935,COMPLETE
4,0.5606655248408601,2026-08-10 08:38:11.880660,2026-08-10 08:43:14.226733,0 days 00:05:02.346073,128,0.15085102739842154,256,8.56144390668357e-05,0.511953023264859,,128,0.0005806456222110264,COMPLETE
5,0.43668268956367173,2026-08-10 08:43:14.291798,2026-08-10 08:48:29.193360,0 days 00:05:14.901562,128,0.14693827337799564,512,1.0631175634381356e-05,0.5685807325076151,,64,0.0005107604406510983,COMPLETE
6,0.3834025347946464,2026-08-10 08:48:29.264482,2026-08-10 08:49:34.537342,0 days 00:01:05.272860,256,0.21000850729953552,256,1.708087966829027e-05,0.4299621958463683,,32,0.0007382864034819755,COMPLETE
7,0.6737049666178098,2026-08-10 08:49:34.598706,2026-08-10 09:02:36.990791,0 days 00:13:02.392085,64,0.2747957212663921,512,2.2094337194546454e-05,0.40169728524095094,,128,0.0012492737560623446,COMPLETE
8,0.3186681363238731,2026-08-10 09:02:37.057768,2026-08-10 09:03:15.268104,0 days 00:00:38.210336,256,0.20388211163530856,64,1.1913743840141216e-05,0.12260422679699245,,64,0.001337301420864429,COMPLETE
9,0.2892344506340024,2026-08-10 09:03:15.321349,2026-08-10 09:03:50.754065,0 days 00:00:35.432716,256,0.26997359515476116,128,3.081012099649384e-05,0.6304980763747272,,64,0.001050906705476733,COMPLETE
10,0.6857951135931785,2026-08-10 09:03:50.804807,2026-08-10 09:14:52.682672,0 days 00:11:01.877865,64,0.34451031876086863,512,4.036576506642167e-05,0.9334939402897793,,128,0.0020576487029134536,COMPLETE
11,0.5033655603344327,2026-08-10 09:14:52.737122,2026-08-10 09:25:23.446406,0 days 00:10:30.709284,64,0.3372112228754309,512,3.903480074175954e-05,0.9834336050831808,,128,0.0021071489047578334,COMPLETE
12,0.6387338736379421,2026-08-10 09:25:23.515058,2026-08-10 09:32:58.773310,0 days 00:07:35.258252,64,0.3414944662623008,512,4.913703288700102e-05,0.9681346770738353,,128,0.0015603224703878626,COMPLETE
13,0.3302573706101205,2026-08-10 09:32:58.837362,2026-08-10 09:34:03.472765,0 days 00:01:04.635403,512,0.2944489839624522,512,2.2322932176491336e-05,0.7998415160615551,,512,0.0016661711878902402,COMPLETE
14,0.6618827853857726,2026-08-10 09:34:03.531348,2026-08-10 09:43:35.853311,0 days 00:09:32.321963,64,0.312717659026387,512,2.5804681264210845e-05,0.24951418798053318,,128,0.0016770935600886562,COMPLETE
15,0.7072903921903605,2026-08-10 09:43:35.907395,2026-08-10 09:56:04.145653,0 days 00:12:28.238258,64,0.2527965732518917,1024,4.730354977679897e-05,0.7801256402113619,,128,0.0012591063085566482,COMPLETE
16,0.3478686690868004,2026-08-10 09:56:04.211347,2026-08-10 09:57:20.360048,0 days 00:01:16.148701,512,0.24225955080674857,1024,5.406422149943187e-05,0.8069453722573712,,512,0.001467292084913427,COMPLETE
17,0.7173923137969307,2026-08-10 09:57:20.408982,2026-08-10 10:06:33.645722,0 days 00:09:13.236740,64,0.24560453036835692,1024,9.744245844612059e-05,0.8377009955465672,,128,0.000957668643226383,COMPLETE
18,0.7220706437672729,2026-08-10 10:06:33.708041,2026-08-10 10:16:14.634076,0 days 00:09:40.926035,64,0.11039196124145823,1024,9.602312146546514e-05,0.8104757616143404,,128,0.0009520129357231734,COMPLETE
19,,2026-08-10 10:16:14.705282,2026-08-10 10:16:35.210047,0 days 00:00:20.504765,64,0.105202744638291,1024,9.534048504201218e-05,0.7315200408019116,,128,0.0009200140696483567,FAIL
20,0.7084900763074792,2026-08-10 14:22:48.163728,2026-08-10 14:32:47.247582,0 days 00:09:59.083854,64,0.11392400124444213,1024,9.224110302310188e-05,0.721834970139297,,128,0.0009535774539283191,COMPLETE
21,0.34957720847852597,2026-08-10 14:32:47.314622,2026-08-10 14:34:13.835065,0 days 00:01:26.520443,512,0.18123111892518826,1024,7.73038747234597e-05,0.9261637492428485,,256,0.0006973261675998811,COMPLETE
22,0.709997478950471,2026-08-10 14:34:13.926273,2026-08-10 14:44:09.351675,0 days 00:09:55.425402,64,0.10213579751224239,1024,9.512883201713898e-05,0.736698125906243,,128,0.0009380164411758843,COMPLETE
23,0.7188070649838066,2026-08-10 14:44:09.408222,2026-08-10 14:52:29.078381,0 days 00:08:19.670159,64,0.10105205529758086,1024,9.912018846390484e-05,0.8446635821027662,,128,0.0009189392226311331,COMPLETE
24,0.717794211497511,2026-08-10 14:52:29.142531,2026-08-10 15:03:22.011373,0 days 00:10:52.868842,64,0.12536377333383064,1024,7.04647216149696e-05,0.8677101188213197,,128,0.0008715340312636091,COMPLETE
25,0.7068505788216938,2026-08-10 15:03:22.061269,2026-08-10 15:07:32.379996,0 days 00:04:10.318727,64,0.12720423891465757,128,6.629190592172387e-05,0.83819252597458,,128,0.0008175127396417993,COMPLETE
26,0.7219739995515815,2026-08-10 15:07:32.430418,2026-08-10 15:11:18.667024,0 days 00:03:46.236606,64,0.12839910589761158,32,7.574108441006626e-05,0.8746179938230267,,512,0.0006582791550531809,COMPLETE
27,0.7247272919232267,2026-08-10 15:11:18.739886,2026-08-10 15:15:50.810487,0 days 00:04:32.070601,64,0.17219692463115893,32,5.901595800362433e-05,0.8916545975694211,,512,0.0006488188873232645,COMPLETE
28,0.7194879567086001,2026-08-10 15:15:50.869853,2026-08-10 15:19:23.859655,0 days 00:03:32.989802,64,0.1735458468457662,32,5.7627846213417164e-05,0.6798508884316967,,512,0.0006311150873034915,COMPLETE
29,0.3311494750370007,2026-08-10 15:19:23.909335,2026-08-10 15:19:58.407485,0 days 00:00:34.498150,512,0.17314858596723892,32,7.570422243601642e-05,0.9185680440190956,,512,0.0006533650529142058,COMPLETE
30,0.3385711452839961,2026-08-10 15:19:58.458832,2026-08-10 15:20:40.351509,0 days 00:00:41.892677,256,0.1345608756182216,32,5.960246688705805e-05,0.6190743318496863,,512,0.0005359409320770421,COMPLETE
31,0.7360106990377211,2026-08-10 15:20:40.401247,2026-08-10 15:24:56.807879,0 days 00:04:16.406632,64,0.16209489786104533,32,8.080624191008879e-05,0.7187709106669679,,512,0.0006793961759358197,COMPLETE
32,0.7393771482162731,2026-08-10 15:24:56.856639,2026-08-10 15:29:13.763558,0 days 00:04:16.906919,64,0.16302127867277036,32,7.390602687476323e-05,0.7194457759752038,,512,0.0005914996612047461,COMPLETE
33,0.7313824998699711,2026-08-10 15:29:13.823379,2026-08-10 15:33:47.386409,0 days 00:04:33.563030,64,0.16409341874950398,32,6.559561650300403e-05,0.7175189020351775,,512,0.0005787617062207669,COMPLETE
34,0.7213184458431888,2026-08-10 15:33:47.437238,2026-08-10 15:37:27.300406,0 days 00:03:39.863168,64,0.18551670917092045,32,6.138611701052488e-05,0.7021255423602448,,512,0.0005807152958402811,COMPLETE
35,0.7089135768961871,2026-08-10 15:37:27.351673,2026-08-10 15:41:38.251852,0 days 00:04:10.900179,64,0.164294599584482,32,4.412309838695247e-05,0.5462122162061215,,512,0.0005831400678116701,COMPLETE
36,0.7291456892969232,2026-08-10 15:41:38.304971,2026-08-10 15:46:14.624476,0 days 00:04:36.319505,64,0.15995442782807953,32,6.540983952590924e-05,0.7423914480696336,,512,0.0007771097423158645,COMPLETE
37,0.5602722399050343,2026-08-10 15:46:14.674287,2026-08-10 15:48:01.922449,0 days 00:01:47.248162,128,0.15437037612755397,32,8.47455430863431e-05,0.4806860070664608,,512,0.0007736821162520911,COMPLETE
38,0.5445595306494457,2026-08-10 15:48:01.971440,2026-08-10 15:50:32.089843,0 days 00:02:30.118403,128,0.19071530994945513,32,6.764197729809252e-05,0.6235777465087773,,32,0.0005253113339367167,COMPLETE
39,0.7212503151250972,2026-08-10 15:50:32.155379,2026-08-10 15:56:43.306423,0 days 00:06:11.151044,64,0.2279409176613072,256,7.565987262712728e-05,0.754904200717802,,256,0.0007403079979877499,COMPLETE
40,0.35474416789129826,2026-08-10 15:56:43.350147,2026-08-10 15:57:09.793408,0 days 00:00:26.443261,256,0.14244892276102533,64,5.2689573382689523e-05,0.5617776087362604,,512,0.0006056623545514284,COMPLETE
41,0.5581276404764846,2026-08-10 15:57:09.837856,2026-08-10 15:58:49.384698,0 days 00:01:39.546842,128,0.15432179932710008,32,8.435879265048394e-05,0.32920364932925783,,512,0.0006946656730783444,COMPLETE
42,0.7327688420372841,2026-08-10 15:58:49.438662,2026-08-10 16:01:46.950962,0 days 00:02:57.512300,64,0.1658867829923641,32,6.42854149681569e-05,0.669313197552386,,512,0.0005028910866210627,COMPLETE
43,0.7339947198672425,2026-08-10 16:01:46.997133,2026-08-10 16:04:46.889889,0 days 00:02:59.892756,64,0.21115179328936895,32,6.759416008743105e-05,0.6583371410417138,,512,0.0005017866343014376,COMPLETE
44,0.7305562061922498,2026-08-10 16:04:46.942883,2026-08-10 16:07:31.006470,0 days 00:02:44.063587,64,0.2153459340142377,32,8.259750021149424e-05,0.66742174278435,,512,0.0005040498914216331,COMPLETE
45,0.6918748994273731,2026-08-10 16:07:31.061273,2026-08-10 16:12:45.310700,0 days 00:05:14.249427,64,0.20217608707757528,32,3.8590763994848994e-05,0.5951100470312028,,64,0.0005539335394554055,COMPLETE
46,0.6744035019222586,2026-08-10 16:12:45.362527,2026-08-10 16:17:35.087604,0 days 00:04:49.725077,64,0.2244156338989084,128,5.3156471728226946e-05,0.6516234773838456,,32,0.0005522938428832963,COMPLETE
47,0.7146466425210768,2026-08-10 16:17:35.149899,2026-08-10 16:24:11.253469,0 days 00:06:36.103570,64,0.19805705863438972,256,6.837240656940384e-05,0.5036346194807828,,512,0.0005913821950147985,COMPLETE
48,0.7274162673733496,2026-08-10 16:24:11.322348,2026-08-10 16:27:10.782001,0 days 00:02:59.459653,64,0.13747892342552745,64,4.458849904907933e-05,0.7063018241081229,,512,0.0005031029395777618,COMPLETE
49,0.3288976253291061,2026-08-10 16:27:10.832737,2026-08-10 16:27:36.967745,0 days 00:00:26.135008,256,0.1630205718166036,32,7.454519844456221e-05,0.46876206064038906,,256,0.0007039145867745208,COMPLETE
50,0.330524059221829,2026-08-10 16:27:37.019544,2026-08-10 16:27:59.778786,0 days 00:00:22.759242,512,0.14671259357672278,32,3.2853243278130976e-05,0.5705894047355473,,512,0.0005544948299096321,COMPLETE
51,0.696749663245045,2026-08-10 16:27:59.832777,2026-08-10 16:32:34.610682,0 days 00:04:34.777905,64,0.18919499441362594,32,5.0090634390643156e-05,0.6389526168715237,,64,0.0006147196162078709,COMPLETE
52,0.7286587955700727,2026-08-10 16:32:34.663863,2026-08-10 16:35:39.295256,0 days 00:03:04.631393,64,0.20897438213704014,32,8.35434754377773e-05,0.6836272718126599,,512,0.000519247086818663,COMPLETE
53,0.7278887710070756,2026-08-10 16:35:39.370631,2026-08-10 16:38:13.303841,0 days 00:02:33.933210,64,0.21806991840166548,32,8.713008089629178e-05,0.7723364130623651,,512,0.0005020853225800438,COMPLETE
54,0.723561835271391,2026-08-10 16:38:13.363826,2026-08-10 16:41:14.196512,0 days 00:03:00.832686,64,0.18059397828141277,32,6.351052133755935e-05,0.6643514607366109,,512,0.000552204815025299,COMPLETE
55,0.7236488958529671,2026-08-10 16:41:14.255598,2026-08-10 16:44:09.231428,0 days 00:02:54.975830,64,0.2154335284449383,32,8.137198569427386e-05,0.5977160558854628,,512,0.0005011577398607105,COMPLETE
56,0.6965487013030058,2026-08-10 16:44:09.296091,2026-08-10 16:48:31.014682,0 days 00:04:21.718591,64,0.23426682279889355,32,1.440808950314715e-05,0.7206608751784637,,512,0.0005763439896233544,COMPLETE
57,0.6787041219872499,2026-08-10 16:48:31.078593,2026-08-10 16:53:03.036995,0 days 00:04:31.958402,64,0.198811330925039,128,5.621650817171332e-05,0.7905028517563795,,32,0.0006825897616210338,COMPLETE
58,0.5731204630265878,2026-08-10 16:53:03.083798,2026-08-10 16:56:20.268927,0 days 00:03:17.185129,128,0.16677858582478852,256,6.972317412340825e-05,0.6715118278957353,,512,0.0006322636352524229,COMPLETE
59,0.7128274438148445,2026-08-10 16:56:20.325254,2026-08-10 16:59:32.199058,0 days 00:03:11.873804,64,0.27946124642759607,64,6.29018090072194e-05,0.1180971734276815,,512,0.0005347117953410623,COMPLETE
60,0.70690064927481,2026-08-10 16:59:32.261653,2026-08-10 17:04:15.147084,0 days 00:04:42.885431,64,0.2489199854790749,32,9.064445750288655e-05,0.5181932363481815,,64,0.0006040104923756842,COMPLETE
61,0.7358842626981696,2026-08-10 17:04:15.201716,2026-08-10 17:07:16.101150,0 days 00:03:00.899434,64,0.20895697661566642,32,7.148919568060846e-05,0.7516399509860061,,512,0.0005689716946968712,COMPLETE
62,0.7252691628523614,2026-08-10 17:07:16.177370,2026-08-10 17:10:05.833649,0 days 00:02:49.656279,64,0.23639474120346798,32,7.139796165703746e-05,0.7600156981085546,,512,0.0005591507537258317,COMPLETE
63,0.7250821996524601,2026-08-10 17:10:05.885161,2026-08-10 17:12:25.435984,0 days 00:02:19.550823,64,0.25851238147887395,32,8.299266592793719e-05,0.7208059548889318,,512,0.0005265108113672118,COMPLETE
64,0.7268280567409228,2026-08-10 17:12:25.486182,2026-08-10 17:14:25.694886,0 days 00:02:00.208704,64,0.21102689471738614,32,7.712238669247371e-05,0.6893514399313235,,512,0.0006164769732640189,COMPLETE
65,0.31549067220844634,2026-08-10 17:14:25.742920,2026-08-10 17:14:52.438868,0 days 00:00:26.695948,512,0.17623719936326537,512,9.07446839086368e-05,0.5991954570912388,,512,0.000567188585456916,COMPLETE
66,0.7286726826963714,2026-08-10 17:14:52.486257,2026-08-10 17:17:06.007222,0 days 00:02:13.520965,64,0.18924489207849496,32,7.108707339623252e-05,0.6573128386328682,,512,0.0006645487099003148,COMPLETE
67,0.37051664042002463,2026-08-10 17:17:06.054667,2026-08-10 17:17:22.802802,0 days 00:00:16.748135,256,0.20620293893105887,32,6.239204687733573e-05,0.796841189782947,,256,0.0007208617965549151,COMPLETE
68,0.7365908166445472,2026-08-10 17:17:22.851095,2026-08-10 17:18:53.745298,0 days 00:01:30.894203,64,0.19460326522079116,32,9.982008094713882e-05,0.8395797550128017,,512,0.0005394517111646872,COMPLETE
69,0.734959475175251,2026-08-10 17:18:53.792981,2026-08-10 17:20:37.070955,0 days 00:01:43.277974,64,0.15014622233955907,32,9.830419444513899e-05,0.8340506602198526,,512,0.000634784588446181,COMPLETE
70,0.7353622806759391,2026-08-10 17:20:37.118286,2026-08-10 17:22:51.376654,0 days 00:02:14.258368,64,0.15256242976137202,128,9.699846071518793e-05,0.8354077867116847,,512,0.0008108875203628759,COMPLETE
71,0.6981452406411347,2026-08-10 17:22:51.424698,2026-08-10 17:25:42.123421,0 days 00:02:50.698723,64,0.15258012771719523,128,9.676520018521977e-05,0.8254686056822739,,32,0.0010627952219143496,COMPLETE
72,0.7278718496249116,2026-08-10 17:25:42.177786,2026-08-10 17:27:35.759585,0 days 00:01:53.581799,64,0.14376192330652512,128,8.916531531589941e-05,0.8726567899852247,,512,0.0008118053547766834,COMPLETE
73,0.5834775268234246,2026-08-10 17:27:35.808617,2026-08-10 17:29:40.005692,0 days 00:02:04.197075,64,0.11879384569931019,128,9.965298697563097e-05,0.9812515639626052,,512,0.0008820470552550876,COMPLETE
74,0.7157960416620045,2026-08-10 17:29:40.053052,2026-08-10 17:31:33.241511,0 days 00:01:53.188459,64,0.13279759800068847,128,7.950652568804655e-05,0.9057533595902165,,512,0.0006377422387555234,COMPLETE
75,0.700041965676625,2026-08-10 17:31:33.289397,2026-08-10 17:33:34.530624,0 days 00:02:01.241227,64,0.17952561744683027,32,9.151385947935683e-05,0.9498006236780907,,512,0.0005322821734502075,COMPLETE
76,0.7311825266043509,2026-08-10 17:33:34.578934,2026-08-10 17:37:52.949636,0 days 00:04:18.370702,64,0.15847512540327305,512,7.275424743782552e-05,0.854331726161317,,512,0.0007307701036542445,COMPLETE
77,0.33958194482311904,2026-08-10 17:37:52.999736,2026-08-10 17:38:07.946996,0 days 00:00:14.947260,512,0.17091986714026725,32,9.526831447385082e-05,0.8268856809102676,,512,0.0008091800589798362,COMPLETE
78,0.7248847166286922,2026-08-10 17:38:07.995305,2026-08-10 17:40:06.491390,0 days 00:01:58.496085,64,0.1943524287947911,32,7.916870185834755e-05,0.7394460395318854,,512,0.0005925544665028227,COMPLETE
79,0.558391551555087,2026-08-10 17:40:06.540438,2026-08-10 17:42:19.942393,0 days 00:02:13.401955,128,0.18502636503356323,256,8.682708745698253e-05,0.7709543727364669,,256,0.0006623935927845759,COMPLETE
80,0.7334039262480878,2026-08-10 17:42:19.991605,2026-08-10 17:44:31.943965,0 days 00:02:11.952360,64,0.1394881754722605,64,5.8397750114635415e-05,0.8055748899933638,,512,0.0007579924393437735,COMPLETE
81,0.36198211649651235,2026-08-10 17:44:31.993907,2026-08-10 17:44:50.758535,0 days 00:00:18.764628,256,0.13976736989646854,64,5.5288483193152736e-05,0.8043388343837546,,64,0.001933477820435214,COMPLETE
82,0.7276584818404449,2026-08-10 17:44:50.806806,2026-08-10 17:46:34.413522,0 days 00:01:43.606716,64,0.148013369399298,64,9.967379987365465e-05,0.8915940513159076,,512,0.0007552600900568351,COMPLETE
83,0.7351233415479005,2026-08-10 17:46:34.462024,2026-08-10 17:49:01.128418,0 days 00:02:26.666394,64,0.11793386407891195,32,6.590038070619495e-05,0.8276365885265324,,512,0.000862884163650523,COMPLETE
84,0.7260438285510914,2026-08-10 17:49:01.177909,2026-08-10 17:51:14.306771,0 days 00:02:13.128862,64,0.12554198264195277,64,5.813965481845457e-05,0.8298789663891158,,512,0.0008822831823264496,COMPLETE
85,0.7232638771890074,2026-08-10 17:51:14.356426,2026-08-10 17:53:21.968677,0 days 00:02:07.612251,64,0.11105576054145488,64,7.556626549255005e-05,0.8876548810785653,,512,0.001017710138952345,COMPLETE
86,0.6681052203490628,2026-08-10 17:53:22.020052,2026-08-10 17:55:29.589888,0 days 00:02:07.569836,64,0.13382389000853076,32,5.0310629167930873e-05,0.95499170329521,,512,0.0007837112841920885,COMPLETE
87,0.7316909478567599,2026-08-10 17:55:29.639195,2026-08-10 17:57:48.198479,0 days 00:02:18.559284,64,0.12173919168274584,128,6.002475822249835e-05,0.8549337153730368,,512,0.000689542422858571,COMPLETE
88,0.7274572887485173,2026-08-10 17:57:48.249713,2026-08-10 17:59:58.759762,0 days 00:02:10.510049,64,0.11777451134675361,32,8.003985685515668e-05,0.7787600334305135,,512,0.0008558551641222954,COMPLETE
89,0.7257250216111969,2026-08-10 17:59:58.812395,2026-08-10 18:02:12.441744,0 days 00:02:13.629349,64,0.30561984763959077,32,6.806591085930414e-05,0.746764159228305,,512,0.0008443637124379473,COMPLETE
90,0.720622519194861,2026-08-10 18:02:12.491222,2026-08-10 18:04:12.475471,0 days 00:01:59.984249,64,0.1065579635099645,64,9.311549876772664e-05,0.9331706592078007,,512,0.0007561248132426539,COMPLETE
91,0.7000582321901834,2026-08-10 18:04:12.526293,2026-08-10 18:11:05.661861,0 days 00:06:53.135568,64,0.1568108475695764,1024,8.812768349769336e-05,0.8267817288385776,,32,0.0006261164484939417,COMPLETE
92,0.7243528736152183,2026-08-10 18:11:05.712612,2026-08-10 18:13:11.869878,0 days 00:02:06.157266,64,0.1667865308824079,32,6.517150191411207e-05,0.7027729020645911,,512,0.0009077660348971409,COMPLETE
93,0.7207136312403947,2026-08-10 18:13:11.919587,2026-08-10 18:15:14.195737,0 days 00:02:02.276150,64,0.15010077658876766,32,7.318728216143979e-05,0.8071958652679124,,512,0.0005410134751089778,COMPLETE
94,0.7169136007675793,2026-08-10 18:15:14.245501,2026-08-10 18:17:34.439896,0 days 00:02:20.194395,64,0.13076699201030542,32,4.60029205179631e-05,0.7542312993887017,,512,0.0005183006135519998,COMPLETE
95,0.7330773635744111,2026-08-10 18:17:34.492048,2026-08-10 18:19:38.923304,0 days 00:02:04.431256,64,0.14172840014700225,32,6.713182503436178e-05,0.785533739106992,,512,0.000574444834594687,COMPLETE
96,0.7130244104875217,2026-08-10 18:19:38.972825,2026-08-10 18:21:21.305345,0 days 00:01:42.332520,64,0.144975907655784,32,6.733151109468363e-05,0.851718045295965,,512,0.0005951500323850996,COMPLETE
97,0.5579750997208184,2026-08-10 18:21:21.355444,2026-08-10 18:22:25.087313,0 days 00:01:03.731869,128,0.33017346349733195,32,8.53021122735204e-05,0.7799126258868186,,512,0.0006776143769955962,COMPLETE
98,0.709152206493809,2026-08-10 18:22:25.136123,2026-08-10 18:24:56.672179,0 days 00:02:31.536056,64,0.1359698950984332,32,7.90284360068655e-05,0.00010462182860010438,,512,0.0007082830552124062,COMPLETE
99,0.714144193248875,2026-08-10 18:24:56.723546,2026-08-10 18:29:09.704542,0 days 00:04:12.980996,64,0.1394926093106675,512,5.3133523890409815e-05,0.8112874988352871,,512,0.0005658286207125803,COMPLETE
100,0.32909453331630734,2026-08-10 18:29:09.754057,2026-08-10 18:29:24.664849,0 days 00:00:14.910792,512,0.16088567679664026,32,6.089395739230438e-05,0.7289606752087927,,128,0.0006470172951353058,COMPLETE
101,0.7179341105569048,2026-08-10 18:29:24.712666,2026-08-10 18:34:26.428395,0 days 00:05:01.715729,64,0.22057532989212356,256,7.252988517783584e-05,0.6948636744486255,,256,0.000581153251175274,COMPLETE
102,0.7097168744573118,2026-08-10 18:34:26.479467,2026-08-10 18:36:30.633958,0 days 00:02:04.154491,64,0.1678028076710566,32,5.719943139519519e-05,0.9119239544782833,,512,0.000541993774019415,COMPLETE
103,0.7216162887777648,2026-08-10 18:36:30.683526,2026-08-10 18:38:28.072203,0 days 00:01:57.388677,64,0.2291458070386481,32,6.937338161679219e-05,0.6392633264109752,,512,0.0006097375044935778,COMPLETE
104,0.7249223960493086,2026-08-10 18:38:28.120718,2026-08-10 18:40:35.107505,0 days 00:02:06.986787,64,0.15387541292789503,32,6.3786208491777e-05,0.757231316899645,,512,0.0005155735566794846,COMPLETE
105,0.7125868320722494,2026-08-10 18:40:35.157791,2026-08-10 18:43:19.931290,0 days 00:02:44.773499,64,0.17672228012073102,32,9.476356864760394e-05,0.8684858329420208,,64,0.0008022737324479599,COMPLETE
106,0.34829860198538126,2026-08-10 18:43:19.982159,2026-08-10 18:43:39.937300,0 days 00:00:19.955141,256,0.15041151354988136,128,6.492614075948993e-05,0.7909964891904512,,512,0.0008314347080737521,COMPLETE
107,0.7232280290739317,2026-08-10 18:43:39.986087,2026-08-10 18:45:45.437172,0 days 00:02:05.451085,64,0.19297522708395637,32,7.622829540662274e-05,0.6179026684550342,,512,0.0005484298771459791,COMPLETE
108,0.7279926559291596,2026-08-10 18:45:45.487260,2026-08-10 18:47:37.345550,0 days 00:01:51.858290,64,0.1603396770957113,32,8.32829654623519e-05,0.7293378620145416,,512,0.000568968142272472,COMPLETE
109,0.7055011463727913,2026-08-10 18:47:37.396811,2026-08-10 18:50:50.538196,0 days 00:03:13.141385,64,0.18309284659874867,32,2.0108990772249773e-05,0.22134100590146039,,512,0.0005237391230692246,COMPLETE
110,0.7282163390827151,2026-08-10 18:50:50.587839,2026-08-10 18:53:23.397602,0 days 00:02:32.809763,64,0.141561394047521,64,6.00350088122525e-05,0.7083865342058059,,512,0.0007836890395072941,COMPLETE
111,0.6902059432662453,2026-08-10 18:53:23.448192,2026-08-10 18:56:47.055045,0 days 00:03:23.606853,64,0.2038635579588753,32,7.109171635055379e-05,0.6787037978396671,,32,0.0007204401992776653,COMPLETE
112,0.7288283187254345,2026-08-10 18:56:47.106178,2026-08-10 18:58:34.616593,0 days 00:01:47.510415,64,0.12757604306142936,128,5.6282963206127604e-05,0.768675434100216,,512,0.0006768974621664865,COMPLETE
113,0.7115649617946889,2026-08-10 18:58:34.678231,2026-08-10 19:00:42.975908,0 days 00:02:08.297677,64,0.12117094561232286,128,5.148542275038363e-05,0.856569170842537,,512,0.0007425192538165456,COMPLETE
114,0.7217407912488872,2026-08-10 19:00:43.026544,2026-08-10 19:02:49.529242,0 days 00:02:06.502698,64,0.12147487029732523,128,6.10377563848687e-05,0.8469697694620009,,512,0.0006377609921056278,COMPLETE
115,0.7350901266973767,2026-08-10 19:02:49.578042,2026-08-10 19:04:53.961238,0 days 00:02:04.383196,64,0.173330444012821,128,6.698254588045822e-05,0.8169225878592676,,512,0.000986317196573595,COMPLETE
116,0.7210775318910331,2026-08-10 19:04:54.009572,2026-08-10 19:06:45.511198,0 days 00:01:51.501626,64,0.2009046962862871,128,6.620665420800604e-05,0.8135265429119743,,512,0.0011603720618295135,COMPLETE
117,0.7230564348365333,2026-08-10 19:06:45.560739,2026-08-10 19:08:42.346409,0 days 00:01:56.785670,64,0.1703902101632797,32,7.495359350010767e-05,0.8782509547469104,,512,0.0011111203838835232,COMPLETE
118,0.5779340478157546,2026-08-10 19:08:42.395901,2026-08-10 19:09:43.849734,0 days 00:01:01.453833,128,0.15659038670417694,128,8.867433481933102e-05,0.7887616108970987,,512,0.0009150576663875491,COMPLETE
119,0.7239090591465808,2026-08-10 19:09:43.898339,2026-08-10 19:14:02.329704,0 days 00:04:18.431365,64,0.21155742538172265,1024,8.090585476336337e-05,0.8352820365026153,,512,0.0009903716211729654,COMPLETE
120,,2026-08-10 19:52:07.036546,2026-08-10 19:52:19.259084,0 days 00:00:12.222538,64,0.16281025250752243,32,9.786388454548984e-05,0.8203283159978495,,128,0.00043577243424626765,FAIL
121,0.7215941678260294,2026-08-10 19:53:05.010303,2026-08-10 19:56:42.534127,0 days 00:03:37.523824,64,0.16559228728325623,32,9.829365489852418e-05,0.8184514501958611,,128,0.0004363903336322279,COMPLETE
122,0.33114937840303166,2026-08-10 19:56:42.600920,2026-08-10 19:57:56.298000,0 days 00:01:13.697080,512,0.16338393273494603,512,6.660200715897866e-05,0.8206479159512327,,512,0.00044667526038485826,COMPLETE
123,0.7288345755208471,2026-08-10 19:57:56.392360,2026-08-10 20:01:57.751936,0 days 00:04:01.359576,64,0.20669726259960605,128,6.428887827406177e-05,0.8356276036363489,,512,0.00034736657285885356,COMPLETE
124,0.7195004960639382,2026-08-10 20:01:57.810367,2026-08-10 20:05:40.673472,0 days 00:03:42.863105,64,0.1468781957454686,128,6.911096662360411e-05,0.8387259092761963,,512,0.00045062446541074835,COMPLETE
125,0.7305322124283574,2026-08-10 20:05:40.737711,2026-08-10 20:10:09.124253,0 days 00:04:28.386542,64,0.1500598890495161,128,9.80456577399652e-05,0.8327022859560216,,512,0.00047676850183517603,COMPLETE
126,0.7306311559519518,2026-08-10 20:10:09.188388,2026-08-10 20:14:42.330494,0 days 00:04:33.142106,64,0.1564701587889763,128,6.740029925753481e-05,0.8210836169539425,,512,0.0004041683126665696,COMPLETE
127,0.7311349838866887,2026-08-10 20:14:42.389751,2026-08-10 20:18:46.337906,0 days 00:04:03.948155,64,0.11473587409474428,32,6.240607654103436e-05,0.8405288794694108,,512,0.00011593756623500632,COMPLETE
128,0.7194495455011546,2026-08-10 20:18:46.398794,2026-08-10 20:23:17.340830,0 days 00:04:30.942036,64,0.21446423798457565,64,6.585433658501497e-05,0.814367893758149,,256,0.00041998762807521264,COMPLETE
129,0.3051251157793224,2026-08-10 20:23:17.402233,2026-08-10 20:24:15.223335,0 days 00:00:57.821102,256,0.16107369605033697,256,6.853906323535225e-05,0.8013501474335966,,64,0.00047128421047672316,COMPLETE
130,0.7248568056445056,2026-08-10 20:24:15.305358,2026-08-10 20:28:34.391073,0 days 00:04:19.085715,64,0.1752268950718087,32,7.004273189141377e-05,0.8291266723845159,,512,0.00031552850694190456,COMPLETE
131,0.7271665862705702,2026-08-10 20:28:34.448702,2026-08-10 20:32:46.372461,0 days 00:04:11.923759,64,0.10404622747088423,128,6.70385384584288e-05,0.8232065813598771,,512,0.0004754277558473109,COMPLETE
132,0.7309081523122591,2026-08-10 20:32:46.437692,2026-08-10 20:36:50.292523,0 days 00:04:03.854831,64,0.13055654616025605,32,9.746532311643106e-05,0.6571110230506575,,512,7.458369055268491e-05,COMPLETE
133,0.724572750320625,2026-08-10 20:36:50.355777,2026-08-10 20:40:35.822269,0 days 00:03:45.466492,64,0.16820867143110507,32,6.408257750695114e-05,0.7258516193905915,,512,0.00047409070914274044,COMPLETE
134,0.7333215887121489,2026-08-10 20:40:35.885947,2026-08-10 20:44:42.515975,0 days 00:04:06.630028,64,0.16408176267176258,32,6.578830530711794e-05,0.8412362631785653,,512,0.00041439030479648026,COMPLETE
135,0.7236811274640652,2026-08-10 20:44:42.575112,2026-08-10 20:48:17.572504,0 days 00:03:34.997392,64,0.1538220794093306,32,6.647390577707227e-05,0.8432650956437987,,512,0.00037363402575794945,COMPLETE
136,0.7278292416138129,2026-08-10 20:48:17.630809,2026-08-10 20:51:57.214416,0 days 00:03:39.583607,64,0.17027299545181096,32,9.618913552662792e-05,0.8319064913503065,,512,0.00026267549530822475,COMPLETE
137,0.7221855901417312,2026-08-10 20:51:57.311568,2026-08-10 20:55:30.572363,0 days 00:03:33.260795,64,0.158333168894428,32,6.480809670422246e-05,0.7143185167479003,,512,0.0004124554411950325,COMPLETE
138,0.7246155457103437,2026-08-10 20:55:30.633774,2026-08-10 20:59:13.643725,0 days 00:03:43.009951,64,0.16345521916429137,32,6.83208462996403e-05,0.8396221802638173,,512,0.00037097038644316895,COMPLETE
139,0.7246531637022193,2026-08-10 20:59:13.714956,2026-08-10 21:02:55.981377,0 days 00:03:42.266421,64,0.14821134018560056,32,7.181203499059924e-05,0.8166971556191807,,512,0.000693289208761594,COMPLETE
140,0.7204740881722538,2026-08-10 21:02:56.056791,2026-08-10 21:06:33.844647,0 days 00:03:37.787856,64,0.13740965713416126,64,7.37857506639494e-05,0.7480407402074637,,512,0.0008542664430766999,COMPLETE
141,0.7220562601888445,2026-08-10 21:06:33.912181,2026-08-10 21:10:07.789640,0 days 00:03:33.877459,64,0.14255662155139248,32,9.888152205876314e-05,0.6737290868277391,,512,0.0009338019298744802,COMPLETE
142,0.5673484775423059,2026-08-10 21:10:07.851277,2026-08-10 21:12:03.866571,0 days 00:01:56.015294,128,0.15178109307238583,128,6.302759945606354e-05,0.8347119770338852,,512,0.0007704891373048597,COMPLETE
143,0.7320048881212534,2026-08-10 21:12:03.928706,2026-08-10 21:15:47.447117,0 days 00:03:43.518411,64,0.17301178715553414,32,6.575300270296064e-05,0.7126585107109141,,512,0.0004910541038181073,COMPLETE
144,0.7259405546427099,2026-08-10 21:15:47.513120,2026-08-10 21:20:17.595686,0 days 00:04:30.082566,64,0.1731122422609638,32,6.554678838014863e-05,0.7347213992044104,,512,0.0004950471498007365,COMPLETE
145,0.6880678687644061,2026-08-10 21:20:17.660467,2026-08-10 21:25:46.180875,0 days 00:05:28.520408,64,0.17706795393429425,32,6.778758287210337e-05,0.7140309775849193,,32,0.00046294610860070357,COMPLETE
146,0.7226216091080181,2026-08-10 21:25:46.264094,2026-08-10 21:30:07.092951,0 days 00:04:20.828857,64,0.16858288826801482,32,6.682792462623181e-05,0.6915203954539053,,512,0.00038741228948438217,COMPLETE
147,0.7417231228187814,2026-08-10 21:30:07.160963,2026-08-10 21:34:22.406522,0 days 00:04:15.245559,64,0.1609611019531322,32,6.905004525565876e-05,0.8261512238608058,,512,0.0004974518382438051,COMPLETE
148,0.7172135381090048,2026-08-10 21:34:22.480468,2026-08-10 21:38:15.191977,0 days 00:03:52.711509,64,0.16276080363908846,32,6.888151082565964e-05,0.8255544214223511,,512,0.00044490259699089563,COMPLETE
149,0.35308208554424203,2026-08-10 21:38:15.253950,2026-08-10 21:38:50.290977,0 days 00:00:35.037027,512,0.15614320131042858,32,9.38431196854642e-05,0.8284679294233775,,512,0.0006008787974238119,COMPLETE
150,0.7304512157501949,2026-08-10 21:38:50.355550,2026-08-10 21:42:49.469654,0 days 00:03:59.114104,64,0.1595403267207565,32,7.024743197921601e-05,0.7966355453707293,,512,0.0004956921827837845,COMPLETE
151,0.7093603823053511,2026-08-10 21:42:49.531607,2026-08-10 21:48:17.643921,0 days 00:05:28.112314,64,0.16589019294083862,32,6.586815579957589e-05,0.6491520569856918,,128,0.0004957461818026485,COMPLETE
152,0.7112174718073797,2026-08-10 21:48:17.708155,2026-08-10 21:52:11.251025,0 days 00:03:53.542870,64,0.18003819700708143,32,6.741036624768548e-05,0.6985163174098852,,512,0.0003314453676486891,COMPLETE
153,0.726592827535526,2026-08-10 21:52:11.306138,2026-08-10 22:01:49.275279,0 days 00:09:37.969141,64,0.14520710260966369,1024,6.484034566967012e-05,0.7640401901033383,,512,0.0006499599369383517,COMPLETE
154,0.7276780003450157,2026-08-10 22:01:49.339861,2026-08-10 22:05:43.204367,0 days 00:03:53.864506,64,0.17295682402953638,32,6.643631335276336e-05,0.8426382005559132,,512,0.00042196016477302224,COMPLETE
155,0.7272591267185754,2026-08-10 22:05:43.262963,2026-08-10 22:09:38.525845,0 days 00:03:55.262882,64,0.11165177021891094,32,5.990726087255704e-05,0.8068036460372763,,512,0.0007200047584106447,COMPLETE
156,0.7167474176239099,2026-08-10 22:09:38.586645,2026-08-10 22:13:18.372444,0 days 00:03:39.785799,64,0.18696423564532824,128,6.165786396848207e-05,0.8317180826734566,,512,0.0008285556065652292,COMPLETE
157,0.7307874754747449,2026-08-10 22:13:18.432829,2026-08-10 22:21:01.828145,0 days 00:07:43.395316,64,0.16122527158622607,512,6.80998861135281e-05,0.8219637555134802,,512,0.0006193665352592684,COMPLETE
158,0.3343643134327757,2026-08-10 22:21:01.879262,2026-08-10 22:21:44.640254,0 days 00:00:42.760992,256,0.1215583083041111,32,9.981931558327863e-05,0.8391662805751796,,512,0.0008804479195591656,COMPLETE
159,0.7097812770146364,2026-08-10 22:21:44.700561,2026-08-10 22:25:55.512904,0 days 00:04:10.812343,64,0.22080227761809962,64,6.939538923828891e-05,0.8443345225322916,,256,0.0006778209344103952,COMPLETE
160,0.7130989306861326,2026-08-10 22:25:55.590153,2026-08-10 22:32:36.008067,0 days 00:06:40.417914,64,0.19587026066225638,32,6.552424564975513e-05,0.7082811556922249,,64,0.0005720696245269369,COMPLETE
161,0.7223985786463303,2026-08-10 22:32:36.067989,2026-08-10 22:37:04.517813,0 days 00:04:28.449824,64,0.16529792393586443,32,6.34337928974804e-05,0.6623786124460487,,512,0.0007592489218242505,COMPLETE
162,0.7208597338249461,2026-08-10 22:37:04.578316,2026-08-10 22:43:56.856457,0 days 00:06:52.278141,64,0.15414936145603728,256,7.068049062981856e-05,0.8184772833847943,,512,0.0005247501222120326,COMPLETE
163,0.7269788205182576,2026-08-10 22:43:56.914742,2026-08-10 22:46:52.326057,0 days 00:02:55.411315,64,0.16966586775413653,32,7.205127969450888e-05,0.7143126726560285,,512,0.0006158611575130655,COMPLETE
164,0.7275589115335173,2026-08-10 22:46:52.387988,2026-08-10 22:50:26.449028,0 days 00:03:34.061040,64,0.16235624897556006,32,6.703769664608918e-05,0.7226801662002897,,512,0.0005711896842284059,COMPLETE
165,0.7349651809315368,2026-08-10 22:50:26.506461,2026-08-10 22:54:02.889713,0 days 00:03:36.383252,64,0.11702439793803789,32,6.467299484223158e-05,0.7356922376234184,,512,0.000656248113441782,COMPLETE
166,0.7286754549410165,2026-08-10 22:54:02.950580,2026-08-10 22:57:26.270039,0 days 00:03:23.319459,64,0.12452245955192333,32,6.450301934531661e-05,0.7460272027107175,,512,0.0006624537577539461,COMPLETE
167,0.7234557871721511,2026-08-10 22:57:26.322992,2026-08-10 23:00:41.265959,0 days 00:03:14.942967,64,0.11560089191289365,128,6.590317188763933e-05,0.7296846228160397,,512,0.0005452883897225606,COMPLETE
168,0.73016887933181,2026-08-10 23:00:41.331380,2026-08-10 23:04:28.828169,0 days 00:03:47.496789,64,0.15820748697287565,32,6.41876563461333e-05,0.836432687859691,,512,0.000728673290164875,COMPLETE
169,0.720245026961234,2026-08-10 23:04:28.895193,2026-08-10 23:07:27.547381,0 days 00:02:58.652188,64,0.2072594888487908,32,7.754964527349485e-05,0.8242722289471418,,512,0.0008030271137373095,COMPLETE
170,0.7263838546191339,2026-08-10 23:07:27.614508,2026-08-10 23:10:06.878876,0 days 00:02:39.264368,64,0.21158122342098126,32,9.686190606787915e-05,0.8102993599415138,,512,0.0004959626829375468,COMPLETE
171,0.7235220830107355,2026-08-10 23:10:06.934545,2026-08-10 23:13:27.450490,0 days 00:03:20.515945,64,0.10856584652645519,128,6.050419851798483e-05,0.734539441605561,,512,0.0006388441690344739,COMPLETE
172,0.6927097765879593,2026-08-10 23:13:27.509498,2026-08-10 23:18:29.949398,0 days 00:05:02.439900,64,0.14074682186589088,32,6.519010795222285e-05,0.7181927685139836,,32,0.0007106892940702541,COMPLETE
173,0.7326352091607105,2026-08-10 23:18:30.031876,2026-08-10 23:22:07.240074,0 days 00:03:37.208198,64,0.1655659416293919,32,6.772268517260707e-05,0.7426565293923505,,512,0.0005987777451011987,COMPLETE
174,0.7261415470493017,2026-08-10 23:22:07.295974,2026-08-10 23:25:20.044360,0 days 00:03:12.748386,64,0.16540712994070292,32,6.658499682906311e-05,0.7404698685774527,,512,0.0005882825265558038,COMPLETE
175,0.7245166691958128,2026-08-10 23:25:20.105569,2026-08-10 23:28:33.372750,0 days 00:03:13.267181,64,0.1177632428168289,32,6.849784787816815e-05,0.750743853879754,,512,0.0002025898047771989,COMPLETE
176,0.7202587320826965,2026-08-10 23:28:33.447365,2026-08-10 23:31:35.033618,0 days 00:03:01.586253,64,0.1743049165310066,32,6.794166942758963e-05,0.7421917446409481,,512,0.0006823401478420261,COMPLETE
177,0.7241165891515133,2026-08-10 23:31:35.092735,2026-08-10 23:34:51.207064,0 days 00:03:16.114329,64,0.2250788964613234,32,6.744617473887293e-05,0.7246715522993336,,512,0.000529081375672986,COMPLETE
178,0.5506855920001538,2026-08-10 23:34:51.267438,2026-08-10 23:37:08.312206,0 days 00:02:17.044768,128,0.1695792906958045,64,6.997277503196551e-05,0.7336219178175173,,512,0.000600965456140634,COMPLETE
179,0.7279463365842054,2026-08-10 23:37:08.376921,2026-08-10 23:40:32.050864,0 days 00:03:23.673943,64,0.15155081367829432,32,6.61476067962683e-05,0.7758242950670698,,512,0.00046181777216550195,COMPLETE
180,0.35413511550582355,2026-08-10 23:40:32.115067,2026-08-10 23:41:51.855829,0 days 00:01:19.740762,512,0.12383786370748888,1024,6.217785620319397e-05,0.8317616737880325,,512,0.0009253211065392869,COMPLETE
181,0.7247604865214613,2026-08-10 23:41:51.922723,2026-08-10 23:45:16.635059,0 days 00:03:24.712336,64,0.15905223461308587,32,9.834258665769404e-05,0.7605940658163028,,512,0.0006315511779136059,COMPLETE
182,0.7185519926324395,2026-08-10 23:45:16.702063,2026-08-10 23:48:37.247937,0 days 00:03:20.545874,64,0.19975337173653307,128,6.905704235994388e-05,0.647954599415515,,512,0.0005474476285367836,COMPLETE
183,0.7251112748267736,2026-08-10 23:48:37.304253,2026-08-10 23:51:53.994687,0 days 00:03:16.690434,64,0.16332142236038866,32,6.353448840596247e-05,0.7159969081464984,,512,0.0005873072176779638,COMPLETE
184,0.7100697551397578,2026-08-10 23:51:54.071910,2026-08-10 23:55:26.571766,0 days 00:03:32.499856,64,0.1668480537138565,32,6.522386247224026e-05,0.7105343795074174,,512,5.161539753466078e-05,COMPLETE
185,0.7274155360124409,2026-08-10 23:55:26.633456,2026-08-10 23:59:17.450520,0 days 00:03:50.817064,64,0.17219116513298544,32,6.709276589290848e-05,0.7273992689019303,,512,0.0005095272472205011,COMPLETE
186,0.7190723007202199,2026-08-10 23:59:17.514183,2026-08-11 00:02:21.264966,0 days 00:03:03.750783,64,0.15551264449671165,32,6.578469696731981e-05,0.7207820764175287,,512,0.0005646789931692244,COMPLETE
187,0.730525046604497,2026-08-11 00:02:21.319951,2026-08-11 00:05:43.276861,0 days 00:03:21.956910,64,0.21798117286866114,32,6.642232611021888e-05,0.7848141166762223,,512,0.0006662270577156734,COMPLETE
188,0.7201582746371632,2026-08-11 00:05:43.341373,2026-08-11 00:09:02.905848,0 days 00:03:19.564475,64,0.1604957332319219,32,6.772164364199876e-05,0.7038853494723801,,512,0.0004846921587312418,COMPLETE
189,0.3499010296694571,2026-08-11 00:09:02.968169,2026-08-11 00:09:36.392780,0 days 00:00:33.424611,256,0.16460042835400768,32,6.414298701903025e-05,0.655805592420614,,128,0.0004328400070198224,COMPLETE
190,0.7180200025920932,2026-08-11 00:09:36.465133,2026-08-11 00:13:16.848675,0 days 00:03:40.383542,64,0.14860369199519607,32,6.47252092748256e-05,0.8292002634057453,,256,0.000765330341059509,COMPLETE
191,0.714426601480864,2026-08-11 00:13:16.909404,2026-08-11 00:19:15.578217,0 days 00:05:58.668813,64,0.1777374158424668,512,7.369791792500547e-05,0.6672147001869094,,512,0.0006311629057561478,COMPLETE
192,0.6976487356859019,2026-08-11 00:19:15.644882,2026-08-11 00:23:23.517351,0 days 00:04:07.872469,64,0.1123676592726856,128,6.67695814856494e-05,0.8453161373847828,,64,0.00086895753541456,COMPLETE
193,0.718768093462243,2026-08-11 00:23:23.574544,2026-08-11 00:28:38.053301,0 days 00:05:14.478757,64,0.15947191873854832,512,7.254505659648647e-05,0.8406744296656673,,512,0.0007182274608749784,COMPLETE
194,0.7245196024273562,2026-08-11 00:28:38.110578,2026-08-11 00:34:27.475841,0 days 00:05:49.365263,64,0.16771223888574888,512,7.299688285911504e-05,0.83548434541811,,512,0.0008273728995885629,COMPLETE
195,0.7353181337759837,2026-08-11 00:34:27.539052,2026-08-11 00:40:39.199254,0 days 00:06:11.660202,64,0.15367885181845622,256,7.143411476145672e-05,0.8467240586341374,,512,0.0006813589317067348,COMPLETE
196,0.7228883038477986,2026-08-11 00:40:39.257779,2026-08-11 00:46:34.049707,0 days 00:05:54.791928,64,0.14428255406899418,256,6.862638297759036e-05,0.8461044380672731,,512,0.0006040606956001571,COMPLETE
197,0.7274478817740699,2026-08-11 00:46:34.104988,2026-08-11 00:50:02.874161,0 days 00:03:28.769173,64,0.15453564976437173,32,6.976915902681418e-05,0.8403340696546057,,512,0.0006971644815398652,COMPLETE
198,0.728472840673637,2026-08-11 00:50:02.932628,2026-08-11 00:55:57.828455,0 days 00:05:54.895827,64,0.11815259313593206,256,7.159929337041057e-05,0.7375971403439501,,512,0.0005496017633749574,COMPLETE
199,0.7337161750089891,2026-08-11 00:55:57.898074,2026-08-11 01:01:59.639720,0 days 00:06:01.741646,64,0.1516811805614096,256,9.992292931136294e-05,0.835609499027046,,512,0.0006440914621521479,COMPLETE
200,0.7362563117423186,2026-08-11 01:01:59.702525,2026-08-11 01:07:42.231226,0 days 00:05:42.528701,64,0.15169252995001767,256,9.84584007852206e-05,0.8366261040909436,,512,0.000652968734220541,COMPLETE
201,0.7238294224130628,2026-08-11 01:07:42.284744,2026-08-11 01:13:05.427387,0 days 00:05:23.142643,64,0.1494290168632083,256,9.751632348243469e-05,0.8251601336950688,,512,0.0006571225757482247,COMPLETE
202,0.7253902043361556,2026-08-11 01:13:05.507076,2026-08-11 01:18:24.175671,0 days 00:05:18.668595,64,0.14621267627416867,256,9.862730964509935e-05,0.8338592740520439,,512,0.000754021008401055,COMPLETE
203,0.7312545876329234,2026-08-11 01:18:24.235706,2026-08-11 01:24:07.793464,0 days 00:05:43.557758,64,0.15677373039229395,256,9.986625854766889e-05,0.838254185487265,,512,0.0006821644630906141,COMPLETE
204,0.737689338306645,2026-08-11 01:24:07.854543,2026-08-11 01:29:16.486146,0 days 00:05:08.631603,64,0.1522236970513524,256,9.587433610001788e-05,0.8453676947218961,,512,0.0006282596674286045,COMPLETE
205,0.7327499893114464,2026-08-11 01:29:16.555466,2026-08-11 01:34:03.885280,0 days 00:04:47.329814,64,0.15045349290378457,256,9.57628696191811e-05,0.8297405046433999,,512,0.0006123200344066309,COMPLETE
206,0.7327615131706793,2026-08-11 01:34:03.958135,2026-08-11 01:40:25.090966,0 days 00:06:21.132831,64,0.15191402029849913,256,9.469640502076994e-05,0.8295418390892404,,512,0.0006290836573470318,COMPLETE
207,0.7304649278779627,2026-08-11 01:40:25.183371,2026-08-11 01:46:31.712555,0 days 00:06:06.529184,64,0.1522621788337272,256,9.539968884338047e-05,0.8325818486631041,,512,0.000638604322552593,COMPLETE
208,0.7246906703189463,2026-08-11 01:46:31.775323,2026-08-11 01:52:00.389373,0 days 00:05:28.614050,64,0.15025361607446466,256,9.653888872955474e-05,0.8292307549574902,,512,0.0006191145195897521,COMPLETE
209,0.7348149662391927,2026-08-11 01:52:00.444821,2026-08-11 01:57:13.342674,0 days 00:05:12.897853,64,0.1480242191431484,256,9.41282702503096e-05,0.8369633871385922,,512,0.0005716335943313872,COMPLETE
210,0.7288869321863379,2026-08-11 01:57:13.403557,2026-08-11 02:02:40.299367,0 days 00:05:26.895810,64,0.1464969109106944,256,9.447189739583078e-05,0.8370647929099048,,512,0.0005645242150475923,COMPLETE
211,0.7312002212730084,2026-08-11 02:02:40.394744,2026-08-11 02:09:10.630847,0 days 00:06:30.236103,64,0.1533421190227438,256,9.284522250336924e-05,0.8421116944884042,,512,0.0006544259736849913,COMPLETE
212,0.6961326356831554,2026-08-11 02:09:10.717802,2026-08-11 02:16:40.773527,0 days 00:07:30.055725,64,0.14455685670963334,256,9.730199068630343e-05,0.8178746476730319,,32,0.000730016299835948,COMPLETE
213,0.7270459733913971,2026-08-11 02:16:40.833791,2026-08-11 02:21:31.573441,0 days 00:04:50.739650,64,0.15202091265765666,256,9.537091483594971e-05,0.8265101198541356,,512,0.0005885030727819152,COMPLETE
214,0.7344118901998606,2026-08-11 02:21:31.636207,2026-08-11 02:27:06.636995,0 days 00:05:35.000788,64,0.1481262416905846,256,9.395360652923363e-05,0.8357064868719205,,512,0.0005235261871633395,COMPLETE
215,0.7288936361432673,2026-08-11 02:27:06.711781,2026-08-11 02:32:38.827520,0 days 00:05:32.115739,64,0.15514618020149362,256,9.161751089159502e-05,0.8339971309862273,,512,0.0005261353403855171,COMPLETE
216,0.7231114838387691,2026-08-11 02:32:38.880573,2026-08-11 02:37:44.517955,0 days 00:05:05.637382,64,0.13942681354481895,256,9.394250697972813e-05,0.8455755112131503,,512,0.0005176394027990726,COMPLETE
217,0.5744848955673602,2026-08-11 02:37:44.590677,2026-08-11 02:40:07.403643,0 days 00:02:22.812966,128,0.14774732087269937,256,9.905453184298573e-05,0.8383119214194075,,512,0.0005559933224209465,COMPLETE
218,0.7271039736257369,2026-08-11 02:40:07.468534,2026-08-11 02:44:57.416773,0 days 00:04:49.948239,64,0.1427192500242032,256,9.7707418062942e-05,0.8429993508096033,,512,0.000656682272389144,COMPLETE
219,0.7433900093716822,2026-08-11 02:44:57.482669,2026-08-11 02:50:46.528887,0 days 00:05:49.046218,64,0.14768815001926738,256,9.661248656173909e-05,0.822072501982108,,512,0.0008039208870588349,COMPLETE
220,0.7304577424885476,2026-08-11 02:50:46.591307,2026-08-11 02:56:03.796531,0 days 00:05:17.205224,64,0.147296868900775,256,9.655545569659001e-05,0.8372843437773616,,512,0.0007558240517539076,COMPLETE
221,0.2954753876024143,2026-08-11 02:56:03.859844,2026-08-11 02:56:53.748735,0 days 00:00:49.888891,512,0.1441305978362839,256,9.889508891877166e-05,0.822155737696267,,512,0.0007996354313394504,COMPLETE
222,0.7339307622527836,2026-08-11 02:56:53.811071,2026-08-11 03:02:40.299156,0 days 00:05:46.488085,64,0.1380284358267172,256,9.807206033575724e-05,0.8149211684547747,,512,0.0009102085966574292,COMPLETE
223,0.7309164029026474,2026-08-11 03:02:40.381868,2026-08-11 03:08:22.379284,0 days 00:05:41.997416,64,0.13820898284398533,256,9.857905938606278e-05,0.813694621744874,,512,0.0009172920366916208,COMPLETE
224,0.7326515712333175,2026-08-11 03:08:22.448524,2026-08-11 03:14:49.009364,0 days 00:06:26.560840,64,0.1418745672347163,256,9.989477582925918e-05,0.8091645163794053,,512,0.000863048597416594,COMPLETE
225,0.7347052776624805,2026-08-11 03:14:49.077433,2026-08-11 03:19:37.600976,0 days 00:04:48.523543,64,0.13670703809650323,256,9.686656747900991e-05,0.8170389173092557,,512,0.0009360116173564417,COMPLETE
226,0.7382818528021263,2026-08-11 03:19:37.665374,2026-08-11 03:25:51.379581,0 days 00:06:13.714207,64,0.1477762051435899,256,9.617391381648048e-05,0.8032515360944775,,512,0.0009084463115820572,COMPLETE
227,0.7364937422071758,2026-08-11 03:25:51.442724,2026-08-11 03:31:35.903112,0 days 00:05:44.460388,64,0.13527654711764014,256,9.625646175623151e-05,0.7989482872606595,,512,0.000959498457792254,COMPLETE
228,0.7289122185197983,2026-08-11 03:31:35.967613,2026-08-11 03:37:04.329510,0 days 00:05:28.361897,64,0.13750543252522587,256,9.617151409802577e-05,0.8053759754085208,,512,0.0008894303721830214,COMPLETE
229,0.723355871980675,2026-08-11 03:37:04.398641,2026-08-11 03:41:38.113279,0 days 00:04:33.714638,64,0.12998389990129333,256,9.769173289295384e-05,0.7952011332266712,,512,0.0009556561833264575,COMPLETE
230,0.730386050414226,2026-08-11 03:41:38.197524,2026-08-11 03:47:37.124951,0 days 00:05:58.927427,64,0.13625386409387202,256,9.650315284248352e-05,0.8124349458565185,,512,0.0009609729314238428,COMPLETE
231,0.7363139345294201,2026-08-11 03:47:37.199719,2026-08-11 03:52:45.055416,0 days 00:05:07.855697,64,0.14748892626296067,256,9.718853564284241e-05,0.8157434798955551,,512,0.0008764339327668952,COMPLETE
232,0.7237764929392104,2026-08-11 03:52:45.116859,2026-08-11 03:57:38.072981,0 days 00:04:52.956122,64,0.13478850209311244,256,9.733765186835646e-05,0.817628525782318,,512,0.0009371158244714467,COMPLETE
233,,2026-08-11 03:57:38.139419,2026-08-11 04:03:40.673584,0 days 00:06:02.534165,64,0.13236630702784152,256,9.337297037176836e-05,0.814646664505287,,512,0.0008476181925484802,FAIL
234,0.7211955699651482,2026-08-11 04:06:33.808689,2026-08-11 04:11:40.110541,0 days 00:05:06.301852,64,0.14875600408088796,256,7.058187541990321e-05,0.8165545912642869,,512,0.0009684525929305915,COMPLETE
235,0.7378712632123677,2026-08-11 04:11:40.197242,2026-08-11 04:19:39.952172,0 days 00:07:59.754930,64,0.14998580389432484,256,7.052179200704896e-05,0.8035028745374634,,512,0.0009126752213771654,COMPLETE
236,0.7242728643931363,2026-08-11 04:19:40.081804,2026-08-11 04:27:47.082827,0 days 00:08:07.001023,64,0.1495303221562284,256,7.116138767493625e-05,0.8218283622733286,,512,0.0008943496291257094,COMPLETE
237,0.7209139862696078,2026-08-11 04:27:47.151302,2026-08-11 04:37:43.374505,0 days 00:09:56.223203,64,0.15094068750158762,256,7.072447039595274e-05,0.801029208438463,,128,0.0009115897520474402,COMPLETE
238,0.7249848600166768,2026-08-11 04:37:43.427985,2026-08-11 04:44:15.290132,0 days 00:06:31.862147,64,0.14839276200930426,256,7.035856366972101e-05,0.8203509620959936,,512,0.0008999027486120167,COMPLETE
239,0.3553895407579234,2026-08-11 04:44:15.356441,2026-08-11 04:45:21.419965,0 days 00:01:06.063524,256,0.15285179969899096,256,9.689602285760103e-05,0.8023964338332225,,512,0.000939550734825174,COMPLETE
240,0.7214035537543824,2026-08-11 04:45:21.483682,2026-08-11 04:52:37.905444,0 days 00:07:16.421762,64,0.14588702402815093,256,9.80358543108819e-05,0.8145536501515727,,512,0.0008438867826650666,COMPLETE
241,0.7165567504102429,2026-08-11 04:52:37.974056,2026-08-11 05:01:45.989473,0 days 00:09:08.015417,64,0.1505300105798199,256,7.047268688278211e-05,0.8347779742948482,,256,0.0009014111281764209,COMPLETE
242,0.7361515853170372,2026-08-11 05:01:46.064052,2026-08-11 05:09:09.220418,0 days 00:07:23.156366,64,0.1484799133230367,256,9.607057563821039e-05,0.8079825737082528,,512,0.0009254995392953922,COMPLETE
243,0.71493722307679,2026-08-11 05:09:09.302008,2026-08-11 05:18:51.120204,0 days 00:09:41.818196,64,0.147839498592472,256,9.700125124313584e-05,0.808738297039375,,64,0.0009773054213324678,COMPLETE
244,0.7333406654244204,2026-08-11 05:18:51.193205,2026-08-11 05:26:18.327602,0 days 00:07:27.134397,64,0.20343858562411327,256,9.597642758300755e-05,0.8046997247830124,,512,0.0009281133764835105,COMPLETE
245,0.7328900320787052,2026-08-11 05:26:18.408816,2026-08-11 05:32:58.125118,0 days 00:06:39.716302,64,0.14889883656770753,256,9.91639482934239e-05,0.8118889708203004,,512,0.0009386570243596522,COMPLETE
246,0.7394711233795431,2026-08-11 05:32:58.192254,2026-08-11 05:40:36.217428,0 days 00:07:38.025174,64,0.1531125307239747,256,9.55689418215788e-05,0.7994112000498731,,512,0.0008780046348608549,COMPLETE
247,0.7313571314319535,2026-08-11 05:40:36.286447,2026-08-11 05:48:06.999396,0 days 00:07:30.712949,64,0.15332898395884167,256,9.567125014666305e-05,0.7949948979406556,,512,0.0008885858671365435,COMPLETE
248,0.732116570091436,2026-08-11 05:48:07.096672,2026-08-11 05:55:47.255149,0 days 00:07:40.158477,64,0.13243404706590894,256,9.499256714645971e-05,0.800184477606696,,512,0.0008755054723292388,COMPLETE
249,0.7284275266121816,2026-08-11 05:55:47.321511,2026-08-11 06:03:05.874914,0 days 00:07:18.553403,64,0.14644048286852906,256,9.601132416694917e-05,0.8033316791064176,,512,0.0009126948774201985,COMPLETE
250,0.7388612612011414,2026-08-11 06:03:05.934732,2026-08-11 06:10:51.908787,0 days 00:07:45.974055,64,0.14957321842382792,256,9.393084356692515e-05,0.7999124001620006,,512,0.00095027730137608,COMPLETE
251,0.7273215977365232,2026-08-11 06:10:51.969256,2026-08-11 06:18:03.860519,0 days 00:07:11.891263,64,0.14953981253219534,256,9.399363202499962e-05,0.8004994094283517,,512,0.000950350196668435,COMPLETE
252,0.7340119519015025,2026-08-11 06:18:03.926188,2026-08-11 06:25:21.828833,0 days 00:07:17.902645,64,0.14731740958175588,256,7.040551450761437e-05,0.8053135023191815,,512,0.0009739499455462163,COMPLETE
253,0.7186277973195788,2026-08-11 06:25:21.915861,2026-08-11 06:34:03.798737,0 days 00:08:41.882876,64,0.14741865243930533,256,7.209900846490806e-05,0.7995048801537271,,512,0.0009805820020372122,COMPLETE
254,0.7246215396533884,2026-08-11 06:34:03.862130,2026-08-11 06:40:56.386291,0 days 00:06:52.524161,64,0.15163986732935353,256,9.283702861257015e-05,0.8054492539981452,,512,0.0009453628296488854,COMPLETE
255,0.7298364200493596,2026-08-11 06:40:56.452211,2026-08-11 06:47:52.823360,0 days 00:06:56.371149,64,0.19195076745055442,256,7.101609693960757e-05,0.7989932171774164,,512,0.0009730048156607792,COMPLETE
256,0.7243471600067722,2026-08-11 06:47:52.879547,2026-08-11 06:55:55.780135,0 days 00:08:02.900588,64,0.14942691198203395,256,7.142968559554934e-05,0.7979759994177305,,512,0.00092866255383823,COMPLETE
257,0.7251421186050563,2026-08-11 06:55:55.849180,2026-08-11 07:03:22.427275,0 days 00:07:26.578095,64,0.14542276644156887,256,9.531301319303586e-05,0.8078497718711829,,512,0.0009561416681895555,COMPLETE
258,0.724090484473714,2026-08-11 07:03:22.507769,2026-08-11 07:10:12.440890,0 days 00:06:49.933121,64,0.15393030919907993,256,9.475566022285761e-05,0.8248037895775973,,512,0.0009881536017614786,COMPLETE
259,0.723132223731621,2026-08-11 07:10:12.513435,2026-08-11 07:16:57.336298,0 days 00:06:44.822863,64,0.1510282309419742,256,9.350815035872692e-05,0.8101912231282513,,512,0.0006670814430919284,COMPLETE
260,0.6923699145115159,2026-08-11 07:16:57.433203,2026-08-11 07:26:15.597020,0 days 00:09:18.163817,64,0.14733491626100254,256,9.689850895093431e-05,0.7944465831106144,,32,0.000856770866261832,COMPLETE
261,0.5636726926895467,2026-08-11 07:26:15.670658,2026-08-11 07:29:19.981263,0 days 00:03:04.310605,128,0.1529989872840744,256,7.062869290277892e-05,0.7921091590801475,,512,0.0008731544565915683,COMPLETE
262,0.37833927785814275,2026-08-11 07:29:20.056063,2026-08-11 07:30:13.289912,0 days 00:00:53.233849,512,0.12341673104248325,256,8.204920869992156e-05,0.8041180151227915,,512,0.0009616053100178045,COMPLETE
263,0.7295132110052007,2026-08-11 07:30:13.367205,2026-08-11 07:36:34.938190,0 days 00:06:21.570985,64,0.15556638748108068,256,9.60081016136584e-05,0.8265908288891033,,512,0.0009264430810573582,COMPLETE
264,0.7266842656267576,2026-08-11 07:36:35.016667,2026-08-11 07:42:22.089588,0 days 00:05:47.072921,64,0.1492597222564783,256,9.430936793113385e-05,0.7177127503471482,,512,0.0008928693040891879,COMPLETE
265,0.7262469804278854,2026-08-11 07:42:22.172410,2026-08-11 07:48:46.893843,0 days 00:06:24.721433,64,0.14594769000891902,256,7.09385031767287e-05,0.8031423791498347,,512,0.0006698000867266879,COMPLETE
266,0.7274759651671526,2026-08-11 07:48:46.988109,2026-08-11 07:55:14.442440,0 days 00:06:27.454331,64,0.1507268954269808,1024,7.036573959228144e-05,0.8070862396766466,,512,0.0009913615663299255,COMPLETE
267,0.7250162219775966,2026-08-11 07:55:14.509712,2026-08-11 08:00:59.075238,0 days 00:05:44.565526,64,0.1261897717732333,256,7.203476961696436e-05,0.8329296653862392,,512,0.0008378664973766552,COMPLETE
268,0.7232001776553025,2026-08-11 08:00:59.162644,2026-08-11 08:05:51.210444,0 days 00:04:52.047800,64,0.19729956135678461,256,9.64524790234768e-05,0.819991777147222,,512,0.0005376915341913293,COMPLETE
269,0.7100457927375562,2026-08-11 08:05:51.277442,2026-08-11 08:13:50.488859,0 days 00:07:59.211417,64,0.1432852593100664,256,7.154305912442747e-05,0.8406024167254643,,128,0.0005778233161704229,COMPLETE
270,0.33961431991867225,2026-08-11 08:13:50.557919,2026-08-11 08:14:45.505313,0 days 00:00:54.947394,256,0.18314410709351417,256,9.740601525516297e-05,0.8469562826772152,,512,0.0009445688092582375,COMPLETE
271,0.7348204973291931,2026-08-11 08:14:45.580018,2026-08-11 08:20:58.389460,0 days 00:06:12.809442,64,0.15749516211930426,256,8.647429631495133e-05,0.8239130053124113,,512,0.0006450357537307642,COMPLETE
272,0.7283121919067174,2026-08-11 08:20:58.462443,2026-08-11 08:26:50.008389,0 days 00:05:51.545946,64,0.1573772287152338,256,9.537226456101373e-05,0.8269035004447879,,512,0.0006458147919846149,COMPLETE
273,0.724254586829638,2026-08-11 08:26:50.092202,2026-08-11 08:32:29.917357,0 days 00:05:39.825155,64,0.1542895331567644,256,8.398698796720984e-05,0.8234883931864838,,512,0.0009138741303564756,COMPLETE
274,0.7127184425447755,2026-08-11 08:32:29.984500,2026-08-11 08:39:39.129016,0 days 00:07:09.144516,64,0.1572670201763023,256,8.774272111763409e-05,0.8309292954118773,,64,0.0006469888682381438,COMPLETE
275,0.7251173155368709,2026-08-11 08:39:39.197822,2026-08-11 08:45:25.233937,0 days 00:05:46.036115,64,0.1524044153408052,256,9.03325911899989e-05,0.816548760918932,,512,0.0008741815816697624,COMPLETE
276,0.7144110678020644,2026-08-11 08:45:25.318241,2026-08-11 08:50:55.293484,0 days 00:05:29.975243,64,0.1560024736626309,256,8.625833902740045e-05,0.819062109865373,,256,0.0006532885942656174,COMPLETE
277,0.7302427109867566,2026-08-11 08:50:55.361398,2026-08-11 08:56:21.043345,0 days 00:05:25.681947,64,0.1621252320565114,256,9.798499424011464e-05,0.8377582129783565,,512,0.0006248715574397915,COMPLETE
278,0.7240157089753652,2026-08-11 08:56:21.108711,2026-08-11 08:59:10.855719,0 days 00:02:49.747008,64,0.15026734183293147,128,9.67344294401395e-05,0.8432969124176414,,512,0.0008909525862540381,COMPLETE
279,0.7352461687673875,2026-08-11 08:59:10.921767,2026-08-11 09:04:29.861161,0 days 00:05:18.939394,64,0.1588399991032554,256,9.575017607268633e-05,0.8216325267924793,,512,0.0008203100037448716,COMPLETE
280,0.7338246722096702,2026-08-11 09:04:29.948337,2026-08-11 09:10:17.852108,0 days 00:05:47.903771,64,0.15896114715733878,256,9.612582724248158e-05,0.8221623000247426,,512,0.0008011050366281842,COMPLETE
281,0.7290495642269211,2026-08-11 09:10:17.940506,2026-08-11 09:17:45.615268,0 days 00:07:27.674762,64,0.16089042309182758,1024,7.6915831904825e-05,0.8238664307640756,,512,0.0008489862334684078,COMPLETE
282,0.7315994665019596,2026-08-11 09:17:45.682531,2026-08-11 09:22:41.063061,0 days 00:04:55.380530,64,0.15832166203053577,256,9.544458930413013e-05,0.8154794355195744,,512,0.0008266707826006527,COMPLETE
283,0.734189834297392,2026-08-11 09:22:41.139585,2026-08-11 09:27:56.312575,0 days 00:05:15.172990,64,0.18813276418686956,256,7.839251242252354e-05,0.8184746717526736,,512,0.0008130247803178801,COMPLETE
284,0.5712575521319694,2026-08-11 09:27:56.384324,2026-08-11 09:31:02.203102,0 days 00:03:05.818778,128,0.1547716572930209,256,8.500731037706642e-05,0.7237019994154457,,512,0.0009064816750516508,COMPLETE
285,0.7341882197194647,2026-08-11 09:31:02.270765,2026-08-11 09:34:18.977297,0 days 00:03:16.706532,64,0.15222592659201512,128,8.050517471998584e-05,0.8277055857013691,,512,0.0006352686441880157,COMPLETE
286,0.6974482125271898,2026-08-11 09:34:19.044528,2026-08-11 09:42:32.786384,0 days 00:08:13.741856,64,0.1952481623396282,256,9.723014609630786e-05,0.821300945896574,,32,0.0007923771190716177,COMPLETE
287,0.7298937502041325,2026-08-11 09:42:32.852245,2026-08-11 09:48:26.566331,0 days 00:05:53.714086,64,0.1547592986217872,256,7.428984710621886e-05,0.8127804935615702,,512,0.0008633274396442685,COMPLETE
288,0.33622732170519115,2026-08-11 09:48:26.630649,2026-08-11 09:49:14.083235,0 days 00:00:47.452586,512,0.15330140008287255,256,9.620837532298524e-05,0.8311994331152947,,512,0.0008172394370089456,COMPLETE
289,0.7300617704795624,2026-08-11 09:49:14.139754,2026-08-11 09:54:50.836042,0 days 00:05:36.696288,64,0.1280199099842972,256,9.903715992686684e-05,0.8246784375058414,,512,0.0007822033265369579,COMPLETE
290,0.7292527952532155,2026-08-11 09:54:50.892647,2026-08-11 09:58:39.562559,0 days 00:03:48.669912,64,0.157834816985003,128,8.972539129468834e-05,0.7313409572064048,,512,0.0006758143033555902,COMPLETE
291,0.7322711450157722,2026-08-11 09:58:39.634141,2026-08-11 10:04:26.844395,0 days 00:05:47.210254,64,0.15073566881275838,256,9.482215074038187e-05,0.7982442561704326,,512,0.0009318316464149729,COMPLETE
292,0.7308907168366293,2026-08-11 10:04:26.909543,2026-08-11 10:09:32.336437,0 days 00:05:05.426894,64,0.12186451019945548,256,9.772845690882937e-05,0.8473378862031129,,512,0.0006589709786292241,COMPLETE
293,0.7272476360342207,2026-08-11 10:09:32.405437,2026-08-11 10:14:33.584851,0 days 00:05:01.179414,64,0.16181042120232147,256,9.828775552718757e-05,0.8201898080570251,,512,0.0006920593067277196,COMPLETE
294,0.33593592804928973,2026-08-11 10:14:33.656317,2026-08-11 10:15:32.393679,0 days 00:00:58.737362,256,0.14865362912219057,256,9.682309079154315e-05,0.8021285173202191,,512,0.0006212161991834669,COMPLETE
295,,2026-08-11 10:15:32.455228,2026-08-11 10:19:17.623180,0 days 00:03:45.167952,64,0.15615535514575998,512,7.240820607651592e-05,0.8282135293581817,,512,0.0009199919487309544,FAIL
296,0.70561894141055,2026-08-12 04:49:32.654285,2026-08-12 04:56:36.058114,0 days 00:07:03.403829,64,0.16007270302093654,512,7.025745065323065e-05,0.8269567328802127,,128,0.0008841533018807077,COMPLETE
297,0.7333305835087865,2026-08-12 04:56:36.121050,2026-08-12 05:02:02.923468,0 days 00:05:26.802418,64,0.15622871816423772,256,9.613195892538981e-05,0.7192607948607758,,512,0.0005600255487518529,COMPLETE
298,0.7230926393347322,2026-08-12 05:02:03.017503,2026-08-12 05:04:50.210396,0 days 00:02:47.192893,64,0.1525687604937368,128,7.246224418048456e-05,0.8407258920910391,,512,0.0009230189245176715,COMPLETE
299,0.7246111532587942,2026-08-12 05:04:50.301743,2026-08-12 05:10:04.421319,0 days 00:05:14.119576,64,0.14504271934561763,256,7.331449661355813e-05,0.8106430593534959,,512,0.0009530115425974616,COMPLETE
300,0.7197220258880956,2026-08-12 05:10:04.481366,2026-08-12 05:15:50.816964,0 days 00:05:46.335598,64,0.14960352702377175,256,9.551814011341646e-05,0.8168445974856506,,512,0.0008427869681411029,COMPLETE
301,0.7302110315627759,2026-08-12 05:15:50.882777,2026-08-12 05:21:20.389452,0 days 00:05:29.506675,64,0.1513912751839502,256,9.755349766360945e-05,0.822990269336471,,256,0.0005815390922063671,COMPLETE
302,0.7257710860824622,2026-08-12 05:21:20.470434,2026-08-12 05:27:47.155747,0 days 00:06:26.685313,64,0.15494691750076267,1024,9.6992857136459e-05,0.7519674651829494,,512,0.0009058562591329243,COMPLETE
303,0.732997708939015,2026-08-12 05:27:47.218199,2026-08-12 05:33:09.470704,0 days 00:05:22.252505,64,0.13258063949482218,256,9.48984653861806e-05,0.7649901190709091,,512,0.0006086788838434832,COMPLETE
304,0.7162979806811275,2026-08-12 05:33:09.534971,2026-08-12 05:35:58.802785,0 days 00:02:49.267814,64,0.1465794307625251,32,9.854965375997035e-05,0.7963304699091058,,512,0.0006437134585912706,COMPLETE
305,0.726094942533654,2026-08-12 05:35:58.871192,2026-08-12 05:41:34.716466,0 days 00:05:35.845274,64,0.121436356655385,256,7.128575105176427e-05,0.8331931144292162,,512,0.0006731602629401061,COMPLETE
306,0.7073311457561505,2026-08-12 05:41:34.780093,2026-08-12 05:45:24.351755,0 days 00:03:49.571662,64,0.20109664269677657,128,9.613559446032844e-05,0.8368694891128161,,64,0.0008616692115801135,COMPLETE
307,0.7262593291424746,2026-08-12 05:45:24.411804,2026-08-12 05:48:11.717954,0 days 00:02:47.306150,64,0.14905001866342052,32,7.025011050641012e-05,0.8441204842958683,,512,0.0005929135803314355,COMPLETE
308,0.7309199723972825,2026-08-12 05:48:11.781822,2026-08-12 05:52:50.711443,0 days 00:04:38.929621,64,0.1530292108574267,256,9.214226290705645e-05,0.8292183537376223,,512,0.0006283981703913022,COMPLETE
309,0.5611980693940627,2026-08-12 05:52:50.768840,2026-08-12 05:54:29.532454,0 days 00:01:38.763614,128,0.15711903599241434,256,9.933827223593652e-05,0.8187231751216999,,512,0.0009415195453839698,COMPLETE
310,0.7329853014021905,2026-08-12 05:54:29.591631,2026-08-12 05:58:41.197089,0 days 00:04:11.605458,64,0.1598542140235812,32,8.2047155618823e-05,0.7922621199168088,,512,0.0008941305327798331,COMPLETE
311,,2026-08-12 05:58:41.274354,2026-08-12 06:02:32.101942,0 days 00:03:50.827588,64,0.1501454455524743,256,7.483601885995659e-05,0.8085606979988188,,512,0.0009661367079776684,FAIL
312,0.7312631655173479,2026-08-12 06:02:45.249667,2026-08-12 06:08:08.907509,0 days 00:05:23.657842,64,0.15126470643744364,256,8.601724146957494e-05,0.813660917992507,3.0,512,0.0009618209025480497,COMPLETE
313,0.3196844448572649,2026-08-12 06:08:08.994263,2026-08-12 06:09:15.077192,0 days 00:01:06.082929,512,0.14771858536277216,256,9.582752724942994e-05,0.8083858190814968,1.0,512,0.0006613360163488623,COMPLETE
314,0.733933770917935,2026-08-12 06:09:15.142291,2026-08-12 06:11:42.162884,0 days 00:02:27.020593,64,0.16279202795826453,32,9.665843240919404e-05,0.8390434648365239,2.0,512,0.0009918066167317419,COMPLETE
315,0.7111972311696084,2026-08-12 06:11:42.227519,2026-08-12 06:23:13.737209,0 days 00:11:31.509690,64,0.1438468161637135,256,7.189527057774038e-05,0.8016071149054637,2.0,32,0.0009175940461603708,COMPLETE
316,0.7256771332611447,2026-08-12 06:23:13.808645,2026-08-12 06:25:44.033142,0 days 00:02:30.224497,64,0.14988556225190178,64,7.085580750494816e-05,0.8244378889620503,3.0,512,0.0006387526443778812,COMPLETE
317,,2026-08-12 06:25:44.109336,2026-08-12 06:25:57.875711,0 days 00:00:13.766375,64,0.15381472342901403,32,9.730744771580212e-05,0.8306304755653814,1.0,512,0.0008761210439375911,FAIL
318,0.7590766555051788,2026-08-12 06:26:14.697931,2026-08-12 06:28:23.125441,0 days 00:02:08.427510,64,0.15399283183842302,32,9.809922894084878e-05,0.8324226091349124,1.0,512,0.0005724144201298191,COMPLETE
319,0.7568490545930335,2026-08-12 06:28:23.201889,2026-08-12 06:30:26.978409,0 days 00:02:03.776520,64,0.15456435516263242,32,9.813113571463463e-05,0.8322484056722363,1.0,512,0.0005739077454770624,COMPLETE
320,0.7565659474314611,2026-08-12 06:30:27.059516,2026-08-12 06:32:36.011133,0 days 00:02:08.951617,64,0.15624286963624656,32,9.790324113070713e-05,0.8358046290919807,1.0,512,0.0005785534157778057,COMPLETE
321,,2026-08-12 06:32:36.085228,2026-08-12 06:34:12.306825,0 days 00:01:36.221597,64,0.15462631018353204,32,9.86584932296845e-05,0.8308286982511641,1.0,512,0.0005800529223765366,FAIL
322,0.7576999115982744,2026-08-12 06:34:16.753974,2026-08-12 06:36:42.664584,0 days 00:02:25.910610,64,0.1546599738781175,32,9.86360014685596e-05,0.8289059216645944,1.0,512,0.0005602946079825911,COMPLETE
323,0.7553579860210041,2026-08-12 06:36:42.738762,2026-08-12 06:38:25.492851,0 days 00:01:42.754089,256,0.15456941931400392,32,9.850820540983962e-05,0.8347732340182298,1.0,512,0.0005590435989106312,COMPLETE
324,0.7598550550927239,2026-08-12 06:38:25.559078,2026-08-12 06:40:06.376448,0 days 00:01:40.817370,256,0.15564981804796424,32,9.831687631940217e-05,0.8318702623066806,1.0,512,0.0005556112197811137,COMPLETE
325,,2026-08-12 06:40:06.457229,2026-08-12 06:40:24.958034,0 days 00:00:18.500805,256,0.15539965166942526,32,9.849029447728723e-05,0.8324724809931207,1.0,512,0.0005612532973685374,FAIL
326,0.7516719858847951,2026-08-12 06:40:30.188108,2026-08-12 06:41:31.438434,0 days 00:01:01.250326,256,0.15552309776877352,32,9.860765580152032e-05,0.8317396088501959,1.0,512,0.000557220277525389,COMPLETE
327,0.7538871453967316,2026-08-12 06:41:31.503189,2026-08-12 06:42:43.253689,0 days 00:01:11.750500,256,0.15568143030781476,32,9.900859627787629e-05,0.8323373788032186,1.0,512,0.0005578960090266256,COMPLETE
328,0.7483506975540084,2026-08-12 06:42:43.319610,2026-08-12 06:43:49.742735,0 days 00:01:06.423125,256,0.15491346671421657,32,9.925711626294758e-05,0.8317063458934452,1.0,512,0.0005577137107557821,COMPLETE
329,,2026-08-12 06:43:49.812355,2026-08-12 06:44:56.708176,0 days 00:01:06.895821,256,0.15450444402876137,32,9.917882317343865e-05,0.8325637093659,1.0,128,0.0005565374860457439,FAIL
330,0.7602099311547483,2026-08-12 06:45:32.194494,2026-08-12 06:46:32.994553,0 days 00:01:00.800059,256,0.15561553762968963,32,9.918392876563675e-05,0.8317675807769342,1.0,128,0.0005631986658027614,COMPLETE
331,0.7603312256898023,2026-08-12 06:46:33.058960,2026-08-12 06:47:38.533162,0 days 00:01:05.474202,256,0.15532327014399483,32,9.875779423042107e-05,0.832060700724997,1.0,256,0.0005647293051455667,COMPLETE
332,0.7552897286106487,2026-08-12 06:47:38.609146,2026-08-12 06:48:38.341213,0 days 00:00:59.732067,256,0.1554686096939365,32,9.929767401127466e-05,0.8296118019368093,1.0,128,0.0005560339578064378,COMPLETE
333,0.7498902063738357,2026-08-12 06:48:38.403359,2026-08-12 06:49:39.913927,0 days 00:01:01.510568,256,0.1557704294328715,32,9.89621609331276e-05,0.8323517371259501,1.0,128,0.0005566394792891143,COMPLETE
334,0.7550058268957157,2026-08-12 06:49:39.974700,2026-08-12 06:50:35.894712,0 days 00:00:55.920012,256,0.15599464043016345,32,9.918708047439521e-05,0.8312508188578333,1.0,128,0.0005561050539611038,COMPLETE
335,0.7582493620220656,2026-08-12 06:50:35.975261,2026-08-12 06:51:43.517901,0 days 00:01:07.542640,256,0.15559316894613898,32,9.919898190764018e-05,0.8315262143157237,1.0,128,0.0005565940055960899,COMPLETE
336,0.7520341052223876,2026-08-12 06:51:43.584314,2026-08-12 06:52:36.478571,0 days 00:00:52.894257,256,0.15590086013841162,32,9.93538698663994e-05,0.832622673319561,1.0,128,0.0005554896588609262,COMPLETE
337,0.749260888712552,2026-08-12 06:52:36.548512,2026-08-12 06:53:28.272762,0 days 00:00:51.724250,256,0.15563452595833005,32,9.935655580921659e-05,0.8307400052154921,1.0,128,0.0005567040387449372,COMPLETE
338,0.7612638949067579,2026-08-12 06:53:28.339510,2026-08-12 06:54:23.622460,0 days 00:00:55.282950,256,0.15558390984527218,32,9.910874548538912e-05,0.8312624992378871,1.0,128,0.0005586846968198044,COMPLETE
339,0.752626861279672,2026-08-12 06:54:23.725314,2026-08-12 06:55:16.059459,0 days 00:00:52.334145,256,0.15562452045622052,32,9.928485270427121e-05,0.8311429960588129,1.0,128,0.000556793784055224,COMPLETE
340,0.7609520887955596,2026-08-12 06:55:16.121245,2026-08-12 06:56:14.192855,0 days 00:00:58.071610,256,0.15581838394778927,32,9.929552004910994e-05,0.8319501081801759,1.0,128,0.0005576157176814195,COMPLETE
341,0.7590726694961539,2026-08-12 06:56:14.261984,2026-08-12 06:57:13.232279,0 days 00:00:58.970295,256,0.15606894011297281,32,9.949563522434503e-05,0.831622574209855,1.0,128,0.0005541174900887557,COMPLETE
342,0.7546269031853986,2026-08-12 06:57:13.314061,2026-08-12 06:58:08.199583,0 days 00:00:54.885522,256,0.15599107808139367,32,9.933482629318758e-05,0.8314783325122176,1.0,128,0.0005563921912258433,COMPLETE
343,0.7598089957470302,2026-08-12 06:58:08.263138,2026-08-12 06:59:08.831949,0 days 00:01:00.568811,256,0.1561970668750853,32,9.923645255411371e-05,0.8311917038560306,1.0,128,0.0005581005134587556,COMPLETE
344,0.7557100316456604,2026-08-12 06:59:08.907881,2026-08-12 06:59:57.957708,0 days 00:00:49.049827,256,0.15592762863786105,32,9.937915901661994e-05,0.832013703764648,1.0,128,0.0005590878938974477,COMPLETE
345,0.7589120002255961,2026-08-12 06:59:58.027261,2026-08-12 07:00:55.063643,0 days 00:00:57.036382,256,0.1552835970913918,32,9.929088736976218e-05,0.8315414599212019,1.0,128,0.0005558279359321168,COMPLETE
346,0.7469190489317823,2026-08-12 07:00:55.128327,2026-08-12 07:01:48.435853,0 days 00:00:53.307526,256,0.15591029912351972,32,9.941400480695309e-05,0.8316330584286314,1.0,128,0.0005562406661489417,COMPLETE
347,0.7536172190105295,2026-08-12 07:01:48.505057,2026-08-12 07:02:35.171754,0 days 00:00:46.666697,256,0.15592593346483422,32,9.925108702574048e-05,0.8309713153217853,1.0,128,0.0005463591280676141,COMPLETE
348,0.7602860908042735,2026-08-12 07:02:35.266173,2026-08-12 07:03:34.062890,0 days 00:00:58.796717,256,0.15654628961983358,32,9.998294531231221e-05,0.8296473087487692,1.0,128,0.0005456199875661663,COMPLETE
349,0.7584308510397975,2026-08-12 07:03:34.128110,2026-08-12 07:04:26.662463,0 days 00:00:52.534353,256,0.1572026944320244,32,9.999759155684779e-05,0.8339814598665838,1.0,128,0.0005443687789956045,COMPLETE
350,0.7542333992836048,2026-08-12 07:04:26.725148,2026-08-12 07:05:21.655965,0 days 00:00:54.930817,256,0.1578142919494007,32,9.984648817129085e-05,0.8288817224299024,1.0,128,0.000546602934906064,COMPLETE
351,0.7565322607155065,2026-08-12 07:05:21.718658,2026-08-12 07:06:15.929100,0 days 00:00:54.210442,256,0.15763259616014005,32,9.997313605209872e-05,0.8290231380254521,1.0,128,0.0005413219935513905,COMPLETE
352,0.7536648001932956,2026-08-12 07:06:15.990995,2026-08-12 07:07:11.767467,0 days 00:00:55.776472,256,0.1576505640823088,32,9.997263069549405e-05,0.8286182785101114,1.0,128,0.0005408879795929658,COMPLETE
353,0.75751918118282,2026-08-12 07:07:11.831106,2026-08-12 07:08:05.795570,0 days 00:00:53.964464,256,0.15789303192386084,32,9.993444815631163e-05,0.8291777377110995,1.0,128,0.0005400520953727166,COMPLETE
354,0.7604146760697484,2026-08-12 07:08:05.858867,2026-08-12 07:09:03.038925,0 days 00:00:57.180058,256,0.15841019638125822,32,9.9849914509525e-05,0.8279458643104712,1.0,128,0.0005400265422471041,COMPLETE
355,0.7569223131735471,2026-08-12 07:09:03.105441,2026-08-12 07:09:57.154259,0 days 00:00:54.048818,256,0.15799449243703947,32,9.981717139517779e-05,0.8281049483043358,1.0,128,0.0005358986067735269,COMPLETE
356,0.7544755823376691,2026-08-12 07:09:57.227986,2026-08-12 07:10:46.114459,0 days 00:00:48.886473,256,0.1583973229817528,32,9.998658072343458e-05,0.827676938508206,1.0,128,0.0005352708534386502,COMPLETE
357,0.7543806415559561,2026-08-12 07:10:46.185114,2026-08-12 07:11:40.307356,0 days 00:00:54.122242,256,0.15881614061495533,32,9.996753113709802e-05,0.8344877134715807,1.0,128,0.0005358117719718023,COMPLETE
358,0.765325199269937,2026-08-12 07:11:40.385690,2026-08-12 07:12:42.782813,0 days 00:01:02.397123,256,0.15802413763853174,32,9.843923779211961e-05,0.8282579539328689,1.0,128,0.0005700928844103545,COMPLETE
359,0.7616604362097273,2026-08-12 07:12:42.850918,2026-08-12 07:13:45.074895,0 days 00:01:02.223977,256,0.15786615064770293,32,9.859017538790616e-05,0.8346729448278057,1.0,128,0.0005705079099564087,COMPLETE
360,0.7587187619928594,2026-08-12 07:13:45.141851,2026-08-12 07:14:41.751717,0 days 00:00:56.609866,256,0.15957103824718863,32,9.841431738071819e-05,0.8341334918885223,1.0,128,0.0005695314853612662,COMPLETE
361,0.7543250370569753,2026-08-12 07:14:41.819665,2026-08-12 07:15:41.776665,0 days 00:00:59.957000,256,0.16017969128990037,32,9.836974182754631e-05,0.835233265655485,1.0,128,0.0005703288101320996,COMPLETE
362,0.7536520988618806,2026-08-12 07:15:41.838822,2026-08-12 07:16:37.814307,0 days 00:00:55.975485,256,0.157705142159664,32,9.822164763204154e-05,0.8280993874590052,1.0,128,0.000576302772254935,COMPLETE
363,0.7554816531500428,2026-08-12 07:16:37.880733,2026-08-12 07:17:37.409140,0 days 00:00:59.528407,256,0.15817291763039942,32,9.843258957907479e-05,0.83467575000111,1.0,128,0.0005690968061155229,COMPLETE
364,0.7457344377358275,2026-08-12 07:17:37.475928,2026-08-12 07:18:40.754485,0 days 00:01:03.278557,256,0.1597080684176027,32,9.858027189689052e-05,0.8348369589595785,1.0,128,0.0005774762736830745,COMPLETE
365,0.757757858980418,2026-08-12 07:18:40.820828,2026-08-12 07:19:34.724778,0 days 00:00:53.903950,256,0.15775656567099158,32,9.822981812738533e-05,0.8346808174019072,1.0,128,0.0005674619667498257,COMPLETE
366,0.7547529071984915,2026-08-12 07:19:34.787666,2026-08-12 07:20:29.431529,0 days 00:00:54.643863,256,0.15831601593253578,32,9.799289413249133e-05,0.8282476989258113,1.0,128,0.0005423818620933814,COMPLETE
367,0.7589650691162271,2026-08-12 07:20:29.515898,2026-08-12 07:21:30.774795,0 days 00:01:01.258897,256,0.15965264660208608,32,9.999384221100012e-05,0.8351039792036825,1.0,128,0.0005677668021217621,COMPLETE
368,0.758885405148459,2026-08-12 07:21:30.838495,2026-08-12 07:22:32.521110,0 days 00:01:01.682615,256,0.16076180135539722,32,9.992451318734534e-05,0.8264643712492207,1.0,128,0.0005673046413447882,COMPLETE
369,0.7548759195684026,2026-08-12 07:22:32.591555,2026-08-12 07:23:23.905980,0 days 00:00:51.314425,256,0.16108193645051563,32,9.994557270711026e-05,0.827405426155901,1.0,128,0.0005815358500521534,COMPLETE
370,0.7509972010526971,2026-08-12 07:23:23.972492,2026-08-12 07:24:13.813540,0 days 00:00:49.841048,256,0.15978783342293074,32,9.873718885940678e-05,0.8371186215928869,1.0,128,0.0005692595476238751,COMPLETE
371,0.7603435457426382,2026-08-12 07:24:13.879253,2026-08-12 07:24:58.707859,0 days 00:00:44.828606,256,0.15753858213962105,32,9.994721161644286e-05,0.8268890757675685,1.0,128,0.0005302032365517283,COMPLETE
372,0.7558613389465441,2026-08-12 07:24:58.768677,2026-08-12 07:25:41.510176,0 days 00:00:42.741499,256,0.15935079811638803,32,9.79398508289122e-05,0.8263746544283691,1.0,128,0.0005296017953943411,COMPLETE
373,0.7605490279878405,2026-08-12 07:25:41.583923,2026-08-12 07:26:29.877524,0 days 00:00:48.293601,256,0.16110073168046918,32,9.884795664375266e-05,0.8345249437407435,1.0,128,0.0005695642862106759,COMPLETE
374,0.7538212834751176,2026-08-12 07:26:29.937872,2026-08-12 07:27:14.813441,0 days 00:00:44.875569,256,0.1617632934992813,32,9.880327002953306e-05,0.8338047601646064,1.0,128,0.0005679576881156005,COMPLETE
375,0.7508379840784093,2026-08-12 07:27:14.902092,2026-08-12 07:28:01.442785,0 days 00:00:46.540693,256,0.16047596452232868,32,9.878248248419647e-05,0.8268051105242766,1.0,128,0.0005436814803408076,COMPLETE
376,0.7514749962847413,2026-08-12 07:28:01.517282,2026-08-12 07:28:54.067487,0 days 00:00:52.550205,256,0.1578020613407434,32,9.998313417291626e-05,0.8295368520829285,1.0,128,0.0005681354752246681,COMPLETE
377,0.7592438389947443,2026-08-12 07:28:54.128635,2026-08-12 07:29:44.744592,0 days 00:00:50.615957,256,0.15952998330280252,32,9.859487424240873e-05,0.8338416004477068,1.0,128,0.0005471812450880939,COMPLETE
378,0.7479910454902451,2026-08-12 07:29:44.818715,2026-08-12 07:30:36.671399,0 days 00:00:51.852684,256,0.1617072032484218,32,9.903120708989686e-05,0.8368256057350149,1.0,128,0.0005315960060276266,COMPLETE
379,0.7641215902336337,2026-08-12 07:30:36.739664,2026-08-12 07:31:38.148144,0 days 00:01:01.408480,256,0.15970727513259556,32,9.880129804229541e-05,0.8255614785894151,1.0,128,0.0005468984997084948,COMPLETE
380,0.754732895335368,2026-08-12 07:31:38.211813,2026-08-12 07:32:40.278211,0 days 00:01:02.066398,256,0.16388323546202221,32,9.873478346181344e-05,0.8342297293159826,3.0,128,0.0005468044171318443,COMPLETE
381,0.7599084980350677,2026-08-12 07:32:40.340952,2026-08-12 07:33:35.757826,0 days 00:00:55.416874,256,0.15991798816426225,32,9.792266157644365e-05,0.8387195019363678,2.0,128,0.0005867095440275724,COMPLETE
382,0.7491499234500484,2026-08-12 07:33:35.834718,2026-08-12 07:34:29.279275,0 days 00:00:53.444557,256,0.1608944952539303,32,9.78797710487883e-05,0.8396388878593886,2.0,128,0.0005896824488359346,COMPLETE
383,0.7526409447309856,2026-08-12 07:34:29.342781,2026-08-12 07:35:18.037502,0 days 00:00:48.694721,256,0.15960020816874276,32,9.869091146960257e-05,0.8372523621731122,2.0,128,0.0005838513977470024,COMPLETE
384,0.756220002241039,2026-08-12 07:35:18.110540,2026-08-12 07:36:19.120339,0 days 00:01:01.009799,256,0.16241924126494547,32,9.777771098145716e-05,0.8256841997491473,1.0,128,0.0005675035704276553,COMPLETE
385,0.7570488055010379,2026-08-12 07:36:19.189411,2026-08-12 07:37:10.893281,0 days 00:00:51.703870,256,0.15957823127620818,32,9.898177867254446e-05,0.8343976410913928,1.0,128,0.0005498888922172819,COMPLETE
386,0.7496226933466869,2026-08-12 07:37:10.994834,2026-08-12 07:38:03.689945,0 days 00:00:52.695111,256,0.15725857331196438,32,9.832433189671949e-05,0.8375494523206588,1.0,128,0.0005664771633640445,COMPLETE
387,0.7566712830721941,2026-08-12 07:38:03.767219,2026-08-12 07:39:01.145708,0 days 00:00:57.378489,256,0.15965882066023737,32,9.922267113312544e-05,0.8341842360247923,1.0,128,0.0005835093510095342,COMPLETE
388,0.7528436178674422,2026-08-12 07:39:01.212879,2026-08-12 07:39:55.816761,0 days 00:00:54.603882,256,0.1628912390194785,32,9.818720536552493e-05,0.825453152313005,1.0,128,0.0005479883546668027,COMPLETE
389,0.7577561788283076,2026-08-12 07:39:55.884640,2026-08-12 07:40:56.687628,0 days 00:01:00.802988,256,0.16068290945471386,32,9.914062946593226e-05,0.8302720300979549,1.0,128,0.0005657992309463893,COMPLETE
390,0.7562030154835832,2026-08-12 07:40:56.764148,2026-08-12 07:41:51.593031,0 days 00:00:54.828883,256,0.16083473968314255,32,9.935069677127418e-05,0.8385140305965417,1.0,128,0.0005672679081496665,COMPLETE
391,0.7575126129184917,2026-08-12 07:41:51.674374,2026-08-12 07:42:45.059501,0 days 00:00:53.385127,256,0.1593879443323033,32,9.756602499828465e-05,0.8327260862684527,1.0,128,0.000595470103491878,COMPLETE
392,0.75397344256509,2026-08-12 07:42:45.129508,2026-08-12 07:43:51.756153,0 days 00:01:06.626645,256,0.1618087671685877,32,9.903167895429259e-05,0.830101841103111,1.0,128,0.0005748225617827756,COMPLETE
393,0.7519567653310625,2026-08-12 07:43:51.830527,2026-08-12 07:44:34.857146,0 days 00:00:43.026619,256,0.16414438839725506,32,9.938475876067733e-05,0.8336572290984693,2.0,128,0.0005480196421728998,COMPLETE
394,0.7556059864835706,2026-08-12 07:44:34.928861,2026-08-12 07:45:30.828210,0 days 00:00:55.899349,256,0.15723674009700594,32,9.99921424673403e-05,0.8305662620336415,1.0,128,0.0005647985650512462,COMPLETE
395,0.7473270448954521,2026-08-12 07:45:30.900232,2026-08-12 07:46:23.231694,0 days 00:00:52.331462,256,0.1590486898176538,32,9.840013071495882e-05,0.8404216225418782,1.0,128,0.0005109046571248092,COMPLETE
396,0.7541196551968866,2026-08-12 07:46:23.297310,2026-08-12 07:47:12.535142,0 days 00:00:49.237832,256,0.15721390510927372,32,9.766820829429854e-05,0.8257145691403835,1.0,128,0.0005847617446747771,COMPLETE
397,0.7566664779073607,2026-08-12 07:47:12.607473,2026-08-12 07:47:58.682298,0 days 00:00:46.074825,256,0.1610933462848063,32,9.876092643742651e-05,0.8367213928138677,1.0,128,0.0005283349922218595,COMPLETE
398,0.7463037054477661,2026-08-12 07:47:58.753189,2026-08-12 07:48:43.988968,0 days 00:00:45.235779,256,0.15734635622541213,32,9.918864239187397e-05,0.8328589522759583,1.0,128,0.0005483821568590886,COMPLETE
399,0.754001248484237,2026-08-12 07:48:44.053774,2026-08-12 07:49:35.560618,0 days 00:00:51.506844,256,0.15376366390004556,32,9.765025749693038e-05,0.8296874368129361,1.0,128,0.0005758352911976525,COMPLETE
400,0.7509686256934396,2026-08-12 07:49:35.634419,2026-08-12 07:50:26.151687,0 days 00:00:50.517268,256,0.15944549680323325,32,9.999635768750637e-05,0.8344385651986767,1.0,128,0.000563876344645501,COMPLETE
401,0.7573698336178057,2026-08-12 07:50:26.216918,2026-08-12 07:51:16.922529,0 days 00:00:50.705611,256,0.1630363487570268,32,9.824827921867916e-05,0.8258053637922713,1.0,128,0.0005499980127115446,COMPLETE
402,0.7554997790475321,2026-08-12 07:51:16.988306,2026-08-12 07:52:07.705380,0 days 00:00:50.717074,256,0.15697730509230526,32,9.940042917384412e-05,0.8397921218435775,1.0,128,0.0005206103387611373,COMPLETE
403,0.7582151527701092,2026-08-12 07:52:07.782228,2026-08-12 07:53:13.467538,0 days 00:01:05.685310,256,0.1589565397011096,32,9.855886690369468e-05,0.8306153703814851,1.0,128,0.0005335647149564722,COMPLETE
404,0.7557849048343143,2026-08-12 07:53:13.533627,2026-08-12 07:54:24.902831,0 days 00:01:11.369204,256,0.15393958325586085,32,9.838951253304358e-05,0.8359259159478847,1.0,128,0.0005316382549725372,COMPLETE
405,0.7560508995939967,2026-08-12 07:54:24.974018,2026-08-12 07:55:27.701136,0 days 00:01:02.727118,256,0.1588192755883447,32,9.782463400341587e-05,0.8326473757364398,3.0,128,0.0005379712069907869,COMPLETE
406,0.7575619940955264,2026-08-12 07:55:27.780171,2026-08-12 07:56:41.996079,0 days 00:01:14.215908,256,0.15698057983557073,32,9.871225389387684e-05,0.8242829163898713,1.0,128,0.0005481906319862939,COMPLETE
407,0.7590860367573165,2026-08-12 07:56:42.065910,2026-08-12 07:57:41.252145,0 days 00:00:59.186235,256,0.1540771155480336,32,9.998784435879297e-05,0.8281063468964154,1.0,256,0.0005766302615949017,COMPLETE
408,0.7530159308149595,2026-08-12 07:57:41.319808,2026-08-12 07:58:42.590724,0 days 00:01:01.270916,256,0.15466271584815583,32,9.956253612422477e-05,0.8274179332256482,1.0,256,0.0005904235472423059,COMPLETE
409,0.755084988002005,2026-08-12 07:58:42.655210,2026-08-12 07:59:41.400838,0 days 00:00:58.745628,256,0.15386080481342565,32,9.99909859189824e-05,0.830191367124938,1.0,256,0.0005780892652464641,COMPLETE
410,0.7572430843071014,2026-08-12 07:59:41.466839,2026-08-12 08:00:39.832446,0 days 00:00:58.365607,256,0.15637185283086738,32,9.929007764974989e-05,0.8274014954411932,1.0,256,0.0005387453814666768,COMPLETE
411,0.7527393398890027,2026-08-12 08:00:39.900682,2026-08-12 08:01:45.209777,0 days 00:01:05.309095,256,0.15888005200514785,32,9.894727610095803e-05,0.8243480699561873,1.0,256,0.0005184525145785056,COMPLETE
412,0.7477678074270347,2026-08-12 08:01:45.275739,2026-08-12 08:03:00.697296,0 days 00:01:15.421557,256,0.15410672324048738,32,9.998317774672442e-05,0.8320871182553439,1.0,128,0.0005485552285423443,COMPLETE
413,0.7619676194263701,2026-08-12 08:03:00.764143,2026-08-12 08:04:09.586924,0 days 00:01:08.822781,256,0.16145989972368469,32,9.751584397846785e-05,0.8379527267075757,2.0,128,0.0005603075311114881,COMPLETE
414,0.7480209261391225,2026-08-12 08:04:09.651863,2026-08-12 08:05:18.109842,0 days 00:01:08.457979,256,0.16238316327531133,32,9.74359640784956e-05,0.8393167008149635,2.0,128,0.0005775363756393944,COMPLETE
415,0.7527267428105138,2026-08-12 08:05:18.189593,2026-08-12 08:06:23.190785,0 days 00:01:05.001192,256,0.16100085263999922,32,9.934175923507456e-05,0.8376491956209182,2.0,128,0.0005606010924217648,COMPLETE
416,0.7509571973853798,2026-08-12 08:06:23.259063,2026-08-12 08:07:34.924980,0 days 00:01:11.665917,256,0.157180421005918,32,9.750149050359617e-05,0.842362071681547,2.0,128,0.0005529068622702451,COMPLETE
417,0.7556051575439414,2026-08-12 08:07:35.003324,2026-08-12 08:08:53.262149,0 days 00:01:18.258825,256,0.1639203000315614,32,9.870138084431799e-05,0.8356506492102419,1.0,128,0.0005895708567698419,COMPLETE
418,0.7578890420836377,2026-08-12 08:08:53.334341,2026-08-12 08:10:05.285447,0 days 00:01:11.951106,256,0.15423542850437008,32,9.800950222272722e-05,0.8274751887561963,1.0,128,0.0005652479047425865,COMPLETE
419,0.7560031047567543,2026-08-12 08:10:05.351890,2026-08-12 08:11:56.467714,0 days 00:01:51.115824,256,0.15639387422991252,512,9.93837599389891e-05,0.8329192518902295,1.0,256,0.0005750536502576821,COMPLETE
420,0.7584261051691336,2026-08-12 08:11:56.546206,2026-08-12 08:16:21.846006,0 days 00:04:25.299800,256,0.1605155804190664,32,9.878210366091322e-05,0.8296933962986575,1.0,128,0.0005516043199723153,COMPLETE
421,0.7518935978471197,2026-08-12 08:16:21.932552,2026-08-12 08:19:45.687778,0 days 00:03:23.755226,256,0.16502758978606588,32,9.999866460433162e-05,0.8235562998796427,1.0,128,0.0005440337011858005,COMPLETE
422,0.7593585696185176,2026-08-12 08:19:45.764704,2026-08-12 08:21:22.768293,0 days 00:01:37.003589,256,0.1603518782657285,32,9.833125043550918e-05,0.8378508503955162,1.0,128,0.0005994266000955717,COMPLETE
423,0.755084605760679,2026-08-12 08:21:22.846324,2026-08-12 08:22:53.719059,0 days 00:01:30.872735,256,0.16244059467126098,32,9.739063530539294e-05,0.8412812019760281,1.0,128,0.0006000333850154219,COMPLETE
424,0.7627141344106008,2026-08-12 08:22:53.809283,2026-08-12 08:25:35.361624,0 days 00:02:41.552341,256,0.15928188198107537,32,9.814061041107645e-05,0.8363818514686371,1.0,128,0.0005817748026388125,COMPLETE
425,0.7571725458878658,2026-08-12 08:25:35.436780,2026-08-12 08:27:36.721887,0 days 00:02:01.285107,256,0.161344919544245,32,9.812127749287612e-05,0.8395921690765088,1.0,128,0.0006003200915548031,COMPLETE
426,0.7577093058206026,2026-08-12 08:27:36.792486,2026-08-12 08:29:28.214856,0 days 00:01:51.422370,256,0.15944651276832225,32,9.732828005769223e-05,0.8372097860359514,2.0,128,0.0005823719696351413,COMPLETE
427,0.7670971322006682,2026-08-12 08:29:28.288740,2026-08-12 08:31:19.141170,0 days 00:01:50.852430,256,0.16330618785075873,32,9.814222679919155e-05,0.8364107422752113,1.0,256,0.0005944034352195192,COMPLETE
428,,2026-08-12 08:31:19.211770,2026-08-12 08:32:18.556909,0 days 00:00:59.345139,256,0.16425792527752084,1024,9.77882064191166e-05,0.8382652597488264,1.0,256,0.0005925843288344166,FAIL
429,0.7649754704321892,2026-08-13 05:15:19.964759,2026-08-13 05:18:22.531855,0 days 00:03:02.567096,256,0.1553822539256255,1024,9.910137280627348e-05,0.4981597065737185,1.0,256,0.0005626605442209179,COMPLETE
430,0.7576955516101672,2026-08-13 05:18:22.622230,2026-08-13 05:20:52.890030,0 days 00:02:30.267800,256,0.15534138409516596,1024,9.9472315695556e-05,0.4983052287871875,1.0,256,0.000562222615709335,COMPLETE
431,0.7568933297879415,2026-08-13 05:20:52.962624,2026-08-13 05:23:26.922254,0 days 00:02:33.959630,256,0.15523907069983853,1024,9.976410656930595e-05,0.4984022151720128,1.0,256,0.0005613105128097776,COMPLETE
