number,value,datetime_start,datetime_complete,duration,params_batch,params_dp,params_lr,params_ls,params_out_c_mult,params_out_ch,params_wd,state
0,,2026-08-12 06:11:12.884186,2026-08-12 06:11:18.854315,0 days 00:00:05.970129,512,0.14364644264365733,0.0011903388009779892,0.15162590211995775,3,64,5.5091750964294443e-05,FAIL
1,0.33394593923640387,2026-08-12 06:14:31.144031,2026-08-12 06:14:57.880165,0 days 00:00:26.736134,512,0.49587446923258705,0.000260666924465646,0.18118944141562887,3,512,0.002344896786746871,COMPLETE
2,0.3683180774977854,2026-08-12 06:14:58.007883,2026-08-12 06:16:33.345495,0 days 00:01:35.337612,128,0.22725974505131752,5.2530163644171666e-05,0.5393121310202638,1,256,0.0025555107080434364,COMPLETE
3,0.334123373474536,2026-08-12 06:16:33.399584,2026-08-12 06:16:56.778367,0 days 00:00:23.378783,512,0.07137443265334098,7.502305037333298e-05,0.7358366164707568,2,512,6.547789497528272e-05,COMPLETE
4,0.29002235993382663,2026-08-12 06:16:56.838331,2026-08-12 06:17:19.177353,0 days 00:00:22.339022,256,0.768854933831119,9.12687680852616e-05,0.7346692306704609,1,512,1.371597825630454e-05,COMPLETE
5,,2026-08-12 06:17:19.232191,2026-08-12 06:17:30.329500,0 days 00:00:11.097309,256,0.9039394957462881,0.00016163651509186849,0.09463891446578365,1,32,1.2754932267631167e-05,FAIL
6,0.3748115676636293,2026-08-12 06:17:41.447592,2026-08-12 06:18:23.503126,0 days 00:00:42.055534,128,0.30507722201998416,0.0007763159112290392,0.1322521336623273,1,256,3.3526841809411956e-05,COMPLETE
7,0.4182776458957151,2026-08-12 06:18:23.570248,2026-08-12 06:19:41.712928,0 days 00:01:18.142680,64,0.011288669964883369,0.0001904355801717969,0.2672542144968055,3,256,3.318275489285035e-05,COMPLETE
8,0.42173025950060317,2026-08-12 06:19:41.770954,2026-08-12 06:20:39.631837,0 days 00:00:57.860883,64,0.29552589582542577,0.0007582645692331876,0.11323300633962352,3,32,0.00020690811290477316,COMPLETE
9,0.3635667664983588,2026-08-12 06:20:39.686102,2026-08-12 06:21:21.072819,0 days 00:00:41.386717,128,0.48419129670048017,0.00023438471408796584,0.3432711273698486,1,512,2.4987097925940167e-05,COMPLETE
10,0.31387825107706296,2026-08-12 06:21:21.121841,2026-08-12 06:21:37.487445,0 days 00:00:16.365604,512,0.07536929085104682,7.850215602503802e-05,0.22832891139027356,1,256,0.0027216311278875725,COMPLETE
11,,2026-08-12 06:21:37.554533,2026-08-12 06:21:43.031322,0 days 00:00:05.476789,256,0.297412248040644,0.00022999497376058767,0.12806268195036064,2,64,6.003046022546545e-05,FAIL
12,0.40563708238879265,2026-08-12 06:21:50.428164,2026-08-12 06:22:11.898605,0 days 00:00:21.470441,512,0.44524732440170894,0.00017096862712226145,0.05696187565473376,3,64,7.498150495543408e-05,COMPLETE
13,0.41830820386276313,2026-08-12 06:22:11.946411,2026-08-12 06:23:14.025910,0 days 00:01:02.079499,64,0.22665374119099674,0.0007855031734671456,0.06011724491110523,2,32,0.0005047046444756857,COMPLETE
14,0.4192655359274891,2026-08-12 06:23:14.077363,2026-08-12 06:24:23.806750,0 days 00:01:09.729387,64,0.2568966800170487,0.0007926698669925507,0.010763034375132416,2,32,0.0004461485242321337,COMPLETE
15,,2026-08-12 06:24:23.859903,2026-08-12 06:25:02.771898,0 days 00:00:38.911995,64,0.30259282210483684,0.0004687518037006103,0.0008648910869736293,2,32,0.0003411565751284512,FAIL
16,0.41769420379794764,2026-08-12 06:25:09.622550,2026-08-12 06:26:28.040470,0 days 00:01:18.417920,64,0.3061783400144951,0.0004461740907087978,0.026924229548620036,2,32,0.000313167661561741,COMPLETE
17,0.41344397852908604,2026-08-12 06:26:28.099817,2026-08-12 06:27:44.763468,0 days 00:01:16.663651,64,0.22212876325959222,0.0004812997768687374,0.11690494274405797,2,128,0.0003865265229304303,COMPLETE
18,,2026-08-12 06:27:44.845473,2026-08-12 06:27:53.915200,0 days 00:00:09.069727,64,0.32909427474842057,0.0005212199198208217,0.0032714866788371086,3,32,0.00017415743711315704,FAIL
19,0.4190574235999538,2026-08-12 06:27:58.860367,2026-08-12 06:29:32.892817,0 days 00:01:34.032450,64,0.32647922796318785,0.0005057013096589446,0.0033463373824270818,3,32,0.00017488261647620145,COMPLETE
20,0.41482161354222025,2026-08-12 06:29:32.946630,2026-08-12 06:30:24.799835,0 days 00:00:51.853205,256,0.16253225811682964,0.000584332544803641,0.11076956408750793,2,32,0.0009085094713213192,COMPLETE
21,0.41733421192429665,2026-08-12 06:30:24.874566,2026-08-12 06:31:44.012939,0 days 00:01:19.138373,64,0.39890689440797156,0.0003424010836949585,0.19534462298733274,3,32,0.00012094746943523806,COMPLETE
22,0.4180860566754653,2026-08-12 06:31:44.065993,2026-08-12 06:33:09.436096,0 days 00:01:25.370103,64,0.3620950834764168,0.0006688627267971372,0.07980518879537533,3,64,0.0008087941272621536,COMPLETE
23,0.41751454447522285,2026-08-12 06:33:09.490902,2026-08-12 06:34:40.389463,0 days 00:01:30.898561,64,0.2712259697063238,0.00035840974660638356,0.29824746881365993,2,128,0.00020100724459348206,COMPLETE
24,0.4136172522124727,2026-08-12 06:34:40.444769,2026-08-12 06:35:31.816407,0 days 00:00:51.371638,256,0.16749604206393504,0.0003826517163701099,0.1502960625790526,2,32,0.0006892743699820152,COMPLETE
25,0.4240223727081751,2026-08-12 06:35:31.870008,2026-08-12 06:36:59.967405,0 days 00:01:28.097397,64,0.1577807846331552,0.0005605368662220438,0.08024785159643093,3,32,0.0013719676081360155,COMPLETE
26,0.4200010541971998,2026-08-12 06:37:00.041146,2026-08-12 06:38:28.237270,0 days 00:01:28.196124,64,0.15067424073420718,0.0006034326288777778,0.07893125228927715,3,32,0.0014203105372316489,COMPLETE
27,0.4205361478877541,2026-08-12 06:38:28.286889,2026-08-12 06:39:52.166666,0 days 00:01:23.879777,64,0.1254725753991741,0.0005597778441599174,0.08582002711844466,3,32,0.0014342240570634677,COMPLETE
28,,2026-08-12 06:39:52.228876,2026-08-12 06:40:50.400581,0 days 00:00:58.171705,64,0.10377003775524085,0.0005562277760614609,0.16728431886423908,3,32,0.0014467241685139427,FAIL
29,0.4180424665665011,2026-08-12 06:41:03.909535,2026-08-12 06:41:57.244134,0 days 00:00:53.334599,64,0.10851821245780863,0.0005614156770767676,0.17022171435388017,3,32,0.0013275881153731338,COMPLETE
30,0.4202561881059552,2026-08-12 06:41:57.302403,2026-08-12 06:43:17.513629,0 days 00:01:20.211226,64,0.11171318166843372,0.0002876054881853435,0.10062033841723642,3,32,0.0013988129578144954,COMPLETE
31,,2026-08-12 06:43:17.563444,2026-08-12 06:44:03.142593,0 days 00:00:45.579149,64,0.029612486658482193,0.00041803671725862055,0.21856620519104913,3,64,0.00025087208759094634,FAIL
32,0.419916438659228,2026-08-12 06:44:10.415178,2026-08-12 06:44:51.484913,0 days 00:00:41.069735,64,0.010548370506725052,0.00044440542033723327,0.21155281818156785,3,64,0.00025214577163707374,COMPLETE
33,0.4168103588032618,2026-08-12 06:44:51.537812,2026-08-12 06:45:27.407130,0 days 00:00:35.869318,64,0.20381783527130357,0.0006432270755530715,0.04682642459621682,3,32,0.0015111770850295752,COMPLETE
34,0.4134375457497228,2026-08-12 06:45:27.457598,2026-08-12 06:45:53.388577,0 days 00:00:25.930979,128,0.11576507591045021,0.0003987782535573555,0.1462326385503001,3,128,0.00012851364836628085,COMPLETE
35,0.40376266996969307,2026-08-12 06:45:53.452079,2026-08-12 06:46:13.112819,0 days 00:00:19.660740,256,0.0632255984960976,0.00030517699075169487,0.24792557480394836,3,32,0.0007768981160176176,COMPLETE
36,0.4167548764040497,2026-08-12 06:46:13.169363,2026-08-12 06:46:26.647381,0 days 00:00:13.478018,512,0.18279680831501588,0.0002377448165700415,0.17433847777820424,3,32,0.0018310945741902619,COMPLETE
37,0.4102288639208183,2026-08-12 06:46:26.699440,2026-08-12 06:47:17.050133,0 days 00:00:50.350693,64,0.13609660646887767,0.0005128890429794561,0.0955567189490262,3,32,0.0005906231140072164,COMPLETE
38,0.4049078861540123,2026-08-12 06:47:17.114718,2026-08-12 06:47:59.369712,0 days 00:00:42.254994,64,0.040952461958266156,0.00013503532686701158,0.11127174776437407,3,32,0.001144672350752465,COMPLETE
39,0.4187733130676051,2026-08-12 06:47:59.434377,2026-08-12 06:48:43.748958,0 days 00:00:44.314581,64,0.10300059652031451,0.0003044991334071259,0.04522679231125034,3,32,0.002120034826874525,COMPLETE
40,0.42089158547904887,2026-08-12 06:48:43.805575,2026-08-12 06:49:25.622180,0 days 00:00:41.816605,64,0.1914075867843924,0.0006816144802766903,0.08593351984798452,3,32,0.0011428041386537982,COMPLETE
41,0.4117764742115761,2026-08-12 06:49:25.691269,2026-08-12 06:50:15.471997,0 days 00:00:49.780728,64,0.19415303282996935,0.0006768291202639525,0.07355964897626553,3,512,0.0022213971086145696,COMPLETE
42,0.41101629747636353,2026-08-12 06:50:15.524377,2026-08-12 06:50:43.368364,0 days 00:00:27.843987,128,0.2624479593958842,0.0006269656282593927,0.14560002423744953,3,32,0.0029530345926157453,COMPLETE
43,0.42231742758040314,2026-08-12 06:50:43.434287,2026-08-12 06:51:39.941462,0 days 00:00:56.507175,64,0.13644530169184596,0.0007291230985084498,0.40972761506695965,1,256,0.001053083904865103,COMPLETE
44,0.42560089127229184,2026-08-12 06:51:40.006430,2026-08-12 06:51:53.624455,0 days 00:00:13.618025,512,0.24419393137265633,0.0007096990051325672,0.43141651320890373,1,256,0.0010113828426153893,COMPLETE
45,0.4165576646566819,2026-08-12 06:51:53.694485,2026-08-12 06:52:06.864589,0 days 00:00:13.170104,512,0.28361463354097427,0.0007265607367351201,0.40453473616676827,1,256,5.9473748520426236e-05,COMPLETE
46,0.4215402633685279,2026-08-12 06:52:06.930782,2026-08-12 06:52:20.441273,0 days 00:00:13.510491,512,0.23846163308808715,0.0004398165949183989,0.4162455237301965,1,256,1.1197782956483362e-05,COMPLETE
47,0.4204432191053713,2026-08-12 06:52:20.503993,2026-08-12 06:52:34.897972,0 days 00:00:14.393979,512,0.3435768487740247,0.0007975643066209872,0.47333564497213243,1,256,0.0003624763100323375,COMPLETE
48,0.4061870582727277,2026-08-12 06:52:34.950830,2026-08-12 06:52:51.146731,0 days 00:00:16.195901,512,0.23610366084591283,0.0004390083522770816,0.421696170379169,1,256,1.335776991291476e-05,COMPLETE
49,0.42293168916909607,2026-08-12 06:52:51.201632,2026-08-12 06:53:05.129520,0 days 00:00:13.927888,512,0.24420568607605758,0.0005333375768983413,0.38919540297173877,1,256,2.7653316867358342e-05,COMPLETE
50,0.40865565257457187,2026-08-12 06:53:05.188307,2026-08-12 06:53:17.978537,0 days 00:00:12.790230,512,0.28947544188832564,0.0005374412526092745,0.48831973696263886,1,256,2.1459289172659e-05,COMPLETE
51,0.41451099066292035,2026-08-12 06:53:18.049415,2026-08-12 06:53:31.232448,0 days 00:00:13.183033,512,0.3667669572995767,0.0007075172355060623,0.35112336743767336,1,256,4.866038363178269e-05,COMPLETE
52,0.42527198853925413,2026-08-12 06:53:31.283457,2026-08-12 06:53:44.643138,0 days 00:00:13.359681,512,0.31517728021281105,0.0006026506694428773,0.37522514095321136,1,256,0.00010631626997856896,COMPLETE
53,0.4187965270663341,2026-08-12 06:53:44.704345,2026-08-12 06:53:59.639512,0 days 00:00:14.935167,512,0.32100524809817854,0.00048571677323145095,0.3762185780965073,1,256,2.3567036513722974e-05,COMPLETE
54,0.40850986945892787,2026-08-12 06:53:59.698226,2026-08-12 06:54:15.202508,0 days 00:00:15.504282,512,0.25368691146537325,0.0005839288817280551,0.2999506978656284,1,256,3.652518309097981e-05,COMPLETE
55,0.4194352494481865,2026-08-12 06:54:15.256993,2026-08-12 06:54:30.967494,0 days 00:00:15.710501,512,0.21715563817460198,0.0003952264865016826,0.453275955233571,1,256,9.163239428295295e-05,COMPLETE
56,0.4185137860761835,2026-08-12 06:54:31.026543,2026-08-12 06:54:43.333839,0 days 00:00:12.307296,512,0.08554033662719342,5.821569346150905e-05,0.38724318561412274,1,256,0.0005422561782921125,COMPLETE
57,0.41014412028757347,2026-08-12 06:54:43.394597,2026-08-12 06:55:11.993142,0 days 00:00:28.598545,128,0.40297230375458454,0.0005188969086762242,0.439532129608088,1,512,1.6950495110035102e-05,COMPLETE
58,0.4182768135436015,2026-08-12 06:55:12.050284,2026-08-12 06:55:25.271863,0 days 00:00:13.221579,512,0.30334967450605627,0.0007403009636937886,0.3360716270891578,1,256,0.0009555136610669586,COMPLETE
59,0.4144107066766805,2026-08-12 06:55:25.323755,2026-08-12 06:55:45.656579,0 days 00:00:20.332824,256,0.3230162004349154,0.0006337218295621722,0.3690549673024763,1,256,0.00010326473286571906,COMPLETE
60,0.41901137115942816,2026-08-12 06:55:45.724881,2026-08-12 06:55:59.770992,0 days 00:00:14.046111,512,0.17055565192074218,0.0007749935058765744,0.4956913871017937,1,64,0.00015975748401420576,COMPLETE
61,0.41472458905062487,2026-08-12 06:55:59.826583,2026-08-12 06:56:13.461437,0 days 00:00:13.634854,512,0.2811138163984207,0.0006029804495136139,0.32248688265307035,1,256,4.743585358241208e-05,COMPLETE
62,0.4139105112682509,2026-08-12 06:56:13.522917,2026-08-12 06:56:41.925121,0 days 00:00:28.402204,128,0.14471578913716807,0.0004920887622619541,0.39486740169998535,1,128,0.0002542630583219405,COMPLETE
63,0.411967201422713,2026-08-12 06:56:41.975385,2026-08-12 06:57:01.224590,0 days 00:00:19.249205,256,0.24770601482722665,0.0006754406232426413,0.43993473579947795,1,256,0.0006585194394472876,COMPLETE
64,0.41482765753548045,2026-08-12 06:57:01.280980,2026-08-12 06:57:49.395297,0 days 00:00:48.114317,64,0.21169333594786946,0.0005392232558691659,0.355427451893917,1,512,0.0004427386611689194,COMPLETE
65,0.41501351312435114,2026-08-12 06:57:49.454257,2026-08-12 06:58:01.437553,0 days 00:00:11.983296,512,0.3509815729057459,0.0007263242231698588,0.02762565652499005,2,256,0.001734886681820071,COMPLETE
66,0.40551876903939743,2026-08-12 06:58:01.491938,2026-08-12 06:58:41.995268,0 days 00:00:40.503330,64,0.3861021610872955,0.0005961965203442715,0.2859283996954825,1,64,0.0010557965155507918,COMPLETE
67,0.4082707223470495,2026-08-12 06:58:42.051423,2026-08-12 06:59:28.826528,0 days 00:00:46.775105,64,0.3034215569567381,0.0004692370193036571,0.46114112101301,1,256,7.271492683511782e-05,COMPLETE
68,0.4197307071731327,2026-08-12 06:59:28.904705,2026-08-12 06:59:42.449090,0 days 00:00:13.544385,512,0.2411210516424149,0.00041492161600477405,0.4181647177458901,1,256,1.1845403734373378e-05,COMPLETE
69,0.4168374993434993,2026-08-12 06:59:42.507582,2026-08-12 06:59:56.502023,0 days 00:00:13.994441,512,0.2714626556251252,0.00044438464168951644,0.40259332258693065,1,256,1.872131844409084e-05,COMPLETE
70,0.4103279697271608,2026-08-12 06:59:56.559696,2026-08-12 07:00:11.091877,0 days 00:00:14.532181,512,0.226927232320287,0.0003582151787868459,0.41581748430185894,1,256,3.3168725263514194e-05,COMPLETE
71,0.42274061743146374,2026-08-12 07:00:11.148637,2026-08-12 07:00:24.234640,0 days 00:00:13.086003,512,0.18095250624830472,0.0005433471559231548,0.430739040114766,1,128,3.142848917347992e-05,COMPLETE
72,0.4214412890875361,2026-08-12 07:00:24.291291,2026-08-12 07:00:39.158544,0 days 00:00:14.867253,512,0.1587171547598715,0.000556145283158073,0.43951700359868395,2,128,3.526471333066913e-05,COMPLETE
73,0.4185675211025847,2026-08-12 07:00:39.208808,2026-08-12 07:01:20.452407,0 days 00:00:41.243599,64,0.1320258488837639,0.0006351526342955653,0.49854979437250596,1,128,0.0002815764150508213,COMPLETE
74,0.4229967246426991,2026-08-12 07:01:20.510615,2026-08-12 07:01:36.394104,0 days 00:00:15.883489,256,0.1788312598841833,0.0007090683005395906,0.36580187781339485,1,128,2.8844339915120624e-05,COMPLETE
75,0.4082745759741019,2026-08-12 07:01:36.458180,2026-08-12 07:01:53.424823,0 days 00:00:16.966643,256,0.17785560716878296,0.0007948098933439839,0.3711730835844386,1,128,1.6014408417468874e-05,COMPLETE
76,0.41458960414602836,2026-08-12 07:01:53.477043,2026-08-12 07:02:09.145541,0 days 00:00:15.668498,256,0.20442383159235614,0.0006737233848738547,0.32758030053878806,1,512,2.9011304140301757e-05,COMPLETE
77,0.4195131903190034,2026-08-12 07:02:09.202635,2026-08-12 07:02:26.470185,0 days 00:00:17.267550,256,0.09232003178797978,0.0005851372420704621,0.3892821266419078,1,128,4.935766239731312e-05,COMPLETE
78,0.4252724007214173,2026-08-12 07:02:26.523467,2026-08-12 07:02:43.113156,0 days 00:00:16.589689,256,0.14982394377300834,0.000725564788398081,0.2430617018612006,1,128,2.9651271078642143e-05,COMPLETE
79,0.4171772057791574,2026-08-12 07:02:43.177128,2026-08-12 07:03:02.238973,0 days 00:00:19.061845,256,0.1482680796614571,0.0005158174478425529,0.24577998989932942,1,128,2.091046321313144e-05,COMPLETE
80,0.4153337708997427,2026-08-12 07:03:02.289115,2026-08-12 07:03:20.265391,0 days 00:00:17.976276,256,0.18892838917352445,0.0007186044703192945,0.19912905210021337,1,128,2.709234910477486e-05,COMPLETE
81,0.4173059761944336,2026-08-12 07:03:20.327352,2026-08-12 07:03:38.787970,0 days 00:00:18.460618,256,0.11859793986311412,0.000641371504110105,0.312820206915483,1,128,4.0536085333961624e-05,COMPLETE
82,0.41871083666054054,2026-08-12 07:03:38.843491,2026-08-12 07:03:56.579537,0 days 00:00:17.736046,256,0.16113955062095828,0.000550448041446821,0.3580565675697283,1,128,5.763223166504276e-05,COMPLETE
83,0.4220804220170361,2026-08-12 07:03:56.640473,2026-08-12 07:04:18.086663,0 days 00:00:21.446190,256,0.13991676930471927,0.0007296168008305919,0.42751311997061,1,128,2.968165656617014e-05,COMPLETE
84,0.41730694606255886,2026-08-12 07:04:18.151543,2026-08-12 07:04:30.080691,0 days 00:00:11.929148,512,0.05824745188773407,0.00011559118335951401,0.4616198200085895,1,128,4.13314338348784e-05,COMPLETE
85,0.4242590291140763,2026-08-12 07:04:30.132389,2026-08-12 07:04:57.523722,0 days 00:00:27.391333,128,0.17719224961405505,0.0004723780696437407,0.2612899892594631,2,128,0.0008179234510341756,COMPLETE
86,0.41671841046909625,2026-08-12 07:04:57.583362,2026-08-12 07:05:25.169879,0 days 00:00:27.586517,128,0.19887634841562485,0.0004630841645158102,0.2560384963305243,2,128,0.0008019578832910927,COMPLETE
87,0.41667312998206524,2026-08-12 07:05:25.226022,2026-08-12 07:05:53.443497,0 days 00:00:28.217475,128,0.17633975696489188,0.00034258232426287016,0.2193221621847383,2,128,2.4287701788444946e-05,COMPLETE
88,0.4178289877576285,2026-08-12 07:05:53.508991,2026-08-12 07:06:22.704486,0 days 00:00:29.195495,128,0.12391345964074853,0.0006053633734067652,0.3802469625789685,2,128,0.0012074470354797137,COMPLETE
89,0.41454304920143675,2026-08-12 07:06:22.758868,2026-08-12 07:06:47.956597,0 days 00:00:25.197729,128,0.15470228476751824,0.0006661298069158028,0.4015153405718305,2,128,0.00095001287753073,COMPLETE
90,0.42154171370251553,2026-08-12 07:06:48.017090,2026-08-12 07:07:01.971592,0 days 00:00:13.954502,512,0.10193792989248242,0.00041541406924092833,0.27265233197656485,1,128,0.0016595211709000853,COMPLETE
91,0.409512436053551,2026-08-12 07:07:02.033507,2026-08-12 07:07:26.731282,0 days 00:00:24.697775,128,0.4926010216316297,0.0005014364008198126,0.16326840962252046,2,64,0.002135440055697166,COMPLETE
92,0.41761518774360407,2026-08-12 07:07:26.785144,2026-08-12 07:07:45.553397,0 days 00:00:18.768253,256,0.18163390367295348,0.0005794900107560017,0.43182601100218604,1,128,0.0006993289654519593,COMPLETE
93,0.41188823883473397,2026-08-12 07:07:45.612859,2026-08-12 07:08:00.275818,0 days 00:00:14.662959,512,0.21298314013371555,0.0006992965513559229,0.3477747378597604,1,256,0.002460115231782051,COMPLETE
94,0.4146568208240406,2026-08-12 07:08:00.338238,2026-08-12 07:08:14.625478,0 days 00:00:14.287240,512,0.17164132958820166,0.0007512319220978535,0.4069043417055829,1,256,1.455676983371397e-05,COMPLETE
95,0.40669781885441675,2026-08-12 07:08:14.686644,2026-08-12 07:08:59.796211,0 days 00:00:45.109567,64,0.22594023220673404,0.000539968506574685,0.4763110921695313,1,128,0.0012413079622821915,COMPLETE
96,0.40516788386060426,2026-08-12 07:08:59.859599,2026-08-12 07:09:13.049924,0 days 00:00:13.190325,512,0.44456596534706183,0.0006335904540694146,0.36336158020351234,3,256,1.921181200382623e-05,COMPLETE
97,0.41412581961817113,2026-08-12 07:09:13.105904,2026-08-12 07:09:31.046819,0 days 00:00:17.940915,256,0.26246266436706156,0.0007979738133702019,0.33735292207346906,2,512,0.00046457428852233237,COMPLETE
98,0.4119251968342179,2026-08-12 07:09:31.101911,2026-08-12 07:09:49.469793,0 days 00:00:18.367882,256,0.1366487001043356,0.0007394905882483743,0.43032587433599656,1,128,3.0577234430562096e-05,COMPLETE
99,0.4178383234216438,2026-08-12 07:09:49.527174,2026-08-12 07:10:07.087458,0 days 00:00:17.560284,256,0.14331240502877093,0.0006951863029706922,0.4564724612316256,1,128,2.539758372587549e-05,COMPLETE
100,0.4157023215920401,2026-08-12 07:10:07.151998,2026-08-12 07:10:26.762418,0 days 00:00:19.610420,256,0.16385957519967023,0.0006324780453344012,0.38066933026970423,1,128,3.175141779538451e-05,COMPLETE
101,0.41689548712367147,2026-08-12 07:10:26.819959,2026-08-12 07:10:44.385306,0 days 00:00:17.565347,256,0.18830489484234839,0.0005661203562419606,0.4460665120995109,1,128,4.066907599684405e-05,COMPLETE
102,0.4159370872344337,2026-08-12 07:10:44.450146,2026-08-12 07:11:10.997571,0 days 00:00:26.547425,128,0.12989012959394328,0.000490603883103273,0.4293792155756164,1,256,0.0015447937975417523,COMPLETE
103,0.42445922247928836,2026-08-12 07:11:11.057691,2026-08-12 07:11:54.943382,0 days 00:00:43.885691,64,0.1999734973460471,0.0006679708378081785,0.41828937937123367,1,128,0.0010447388192587346,COMPLETE
104,0.4104483523888301,2026-08-12 07:11:55.001712,2026-08-12 07:12:38.001847,0 days 00:00:43.000135,64,0.20331099771337083,0.0006599032514955313,0.4088623223432257,1,32,0.0009710373229113113,COMPLETE
105,0.4209866163402558,2026-08-12 07:12:38.067145,2026-08-12 07:13:20.839038,0 days 00:00:42.771893,64,0.21815615084228476,0.0005193410509912731,0.19345609595825353,3,64,0.0006811563038792069,COMPLETE
106,0.4223123862025866,2026-08-12 07:13:20.905525,2026-08-12 07:14:06.503507,0 days 00:00:45.597982,64,0.1967995291912377,0.0006085360465955992,0.1274858423289017,1,256,0.0018398119580479264,COMPLETE
107,0.4196056542075061,2026-08-12 07:14:06.561423,2026-08-12 07:14:45.259158,0 days 00:00:38.697735,64,0.23320081347321914,0.00046201466592079573,0.3906899357836906,1,128,0.0013518080835718234,COMPLETE
108,0.41970301057605963,2026-08-12 07:14:45.312900,2026-08-12 07:15:27.346974,0 days 00:00:42.034074,64,0.17028780770418273,0.0005913920686544695,0.0984664332526314,1,256,0.0010693626169170584,COMPLETE
109,0.4234738022264263,2026-08-12 07:15:27.417809,2026-08-12 07:16:14.007942,0 days 00:00:46.590133,64,0.15420965029150074,0.0006052031695837431,0.12710592409126045,1,256,0.0012995481729157585,COMPLETE
110,0.41297684058095746,2026-08-12 07:16:14.070146,2026-08-12 07:16:59.351226,0 days 00:00:45.281080,64,0.18158030875050007,0.0006928584680759947,0.0714310926743381,1,256,0.0007943279458465899,COMPLETE
111,0.4198455733235209,2026-08-12 07:16:59.413154,2026-08-12 07:17:48.010763,0 days 00:00:48.597609,64,0.15895774262731724,0.0005592551946513601,0.05855299652521691,1,256,0.0008859057715783966,COMPLETE
112,0.4164836448765131,2026-08-12 07:17:48.082290,2026-08-12 07:18:33.960228,0 days 00:00:45.877938,64,0.1497796373715661,0.0004256762835550351,0.23260896731043954,1,256,0.0018882771407827221,COMPLETE
113,0.4226202344695798,2026-08-12 07:18:34.020057,2026-08-12 07:18:46.909130,0 days 00:00:12.889073,512,0.2521826763409555,0.0003827826428656883,0.04308956586542046,1,256,0.00014411614955254864,COMPLETE
114,0.4163720642702796,2026-08-12 07:18:46.980709,2026-08-12 07:18:59.790951,0 days 00:00:12.810242,512,0.2728412912212485,0.00037092238010472703,0.011702720102518313,3,32,0.00016432211059710727,COMPLETE
115,0.41948725594002256,2026-08-12 07:18:59.845037,2026-08-12 07:19:12.783412,0 days 00:00:12.938375,512,0.2503524217317463,0.00039498449459005904,0.06515396852907361,1,256,0.00020386120735289368,COMPLETE
116,0.41756408334709133,2026-08-12 07:19:12.837718,2026-08-12 07:19:27.971156,0 days 00:00:15.133438,512,0.31301542773680546,0.00029766871807087973,0.1246689049481263,1,128,0.00013298086532179855,COMPLETE
117,0.4141219593399938,2026-08-12 07:19:28.029750,2026-08-12 07:19:40.361580,0 days 00:00:12.331830,512,0.33432708265883804,0.0005243226588433643,0.030519649577796418,2,256,9.271346172797194e-05,COMPLETE
118,0.4183152840994535,2026-08-12 07:19:40.414381,2026-08-12 07:19:53.540920,0 days 00:00:13.126539,512,0.2081630382595197,0.00018419549708089707,0.04883568709313774,1,256,0.0005915085173251286,COMPLETE
119,0.4241388083014767,2026-08-12 07:19:53.607346,2026-08-12 07:20:38.510304,0 days 00:00:44.902958,64,0.24095567327729236,0.0007525666541104927,0.3975367655453972,1,256,0.0010822743751496544,COMPLETE
120,0.41864448591995446,2026-08-12 07:20:38.556403,2026-08-12 07:21:22.552534,0 days 00:00:43.996131,64,0.23710187443800843,0.0007535061078412188,0.3960707604468849,1,256,0.001424491117518539,COMPLETE
121,0.41479008859497385,2026-08-12 07:21:22.619219,2026-08-12 07:21:36.327342,0 days 00:00:13.708123,512,0.2599286180140764,0.00047682376399360744,0.36537959203772524,1,256,5.713190849414812e-05,COMPLETE
122,0.42249643381998453,2026-08-12 07:21:36.388905,2026-08-12 07:21:48.533382,0 days 00:00:12.144477,512,0.2886549343591914,0.0006554329867751493,0.08805568503311258,1,256,0.00034381341423901386,COMPLETE
123,0.4168630520720462,2026-08-12 07:21:48.582742,2026-08-12 07:22:31.052322,0 days 00:00:42.469580,64,0.24454615440167107,0.00026223544530986444,0.03474749058327968,1,128,2.2476339198838318e-05,COMPLETE
124,0.41212832485498035,2026-08-12 07:22:31.111154,2026-08-12 07:22:44.325668,0 days 00:00:13.214514,512,0.21795353085531086,0.0006140224748939762,0.30181003624892544,1,512,1.019574630661627e-05,COMPLETE
125,0.41650704805369243,2026-08-12 07:22:44.375668,2026-08-12 07:23:11.622084,0 days 00:00:27.246416,128,0.19464231566441687,0.0006941005002789541,0.015789555195327955,1,32,2.644546496419842e-05,COMPLETE
126,0.4194835787398857,2026-08-12 07:23:11.714824,2026-08-12 07:23:59.462133,0 days 00:00:47.747309,64,0.2264621682334501,0.0003330877480075118,0.4160026574459265,3,256,0.0011349063691212325,COMPLETE
127,,2026-08-12 07:23:59.522718,2026-08-12 07:24:01.643243,0 days 00:00:02.120525,512,0.18563056107728865,0.0007655396907614692,0.3741606952609439,1,128,8.135302537296717e-05,FAIL
128,0.4169053137686788,2026-08-12 07:27:06.447502,2026-08-12 07:27:19.006342,0 days 00:00:12.558840,512,0.15471657688462134,0.0008505894402694458,0.38566355296097604,1,128,0.0008398800585202665,COMPLETE
129,0.4172445033781096,2026-08-12 07:27:19.070724,2026-08-12 07:27:33.611721,0 days 00:00:14.540997,512,0.29781215187699506,0.0006507219398100156,0.07733700517491811,1,256,0.00032927710330674537,COMPLETE
130,0.4188793547716754,2026-08-12 07:27:33.666621,2026-08-12 07:27:47.030893,0 days 00:00:13.364272,512,0.2665148543655228,0.0005705147629032105,0.13833963739373628,1,256,0.0011740280034349324,COMPLETE
131,0.4116408810667508,2026-08-12 07:27:47.091224,2026-08-12 07:28:00.649436,0 days 00:00:13.558212,512,0.2797674612670107,0.0008252151352151532,0.0970427915605367,1,256,0.0012731397464216744,COMPLETE
132,0.41556652923132553,2026-08-12 07:28:00.706341,2026-08-12 07:28:14.490045,0 days 00:00:13.783704,512,0.23154722800377753,0.000625267529354089,0.08513453078805289,1,256,0.0010130839017558494,COMPLETE
133,0.41897726447143163,2026-08-12 07:28:14.551033,2026-08-12 07:28:28.807051,0 days 00:00:14.256018,512,0.25268393302367254,0.0006187498024958684,0.11877569055493767,2,256,0.0001406367927962572,COMPLETE
134,0.4236668136179515,2026-08-12 07:28:28.863921,2026-08-12 07:29:12.328365,0 days 00:00:43.464444,64,0.17475015058744936,0.0007695217545987076,0.10529078235790727,1,64,0.00022692946535272677,COMPLETE
135,0.42706248558186743,2026-08-12 07:29:12.396744,2026-08-12 07:29:48.815438,0 days 00:00:36.418694,64,0.1649197905002513,0.0008197709427864575,0.10879767789353179,1,64,0.00022526888057010044,COMPLETE
136,0.4190931838124662,2026-08-12 07:29:48.888506,2026-08-12 07:30:30.229224,0 days 00:00:41.340718,64,0.16626836472049888,0.000774089449305218,0.10640491321081615,1,64,0.00011469333133091576,COMPLETE
137,0.4201187633002407,2026-08-12 07:30:30.292052,2026-08-12 07:31:11.221007,0 days 00:00:40.928955,64,0.17659576655804451,0.0008313627028000444,0.3965130633750308,1,64,0.0011074705044882914,COMPLETE
138,0.4213749148634448,2026-08-12 07:31:11.280879,2026-08-12 07:31:52.257898,0 days 00:00:40.977019,64,0.15542663254044303,0.0009278606658313408,0.1561937363995586,3,64,0.00028670413565620446,COMPLETE
139,0.4207387949845097,2026-08-12 07:31:52.315865,2026-08-12 07:32:31.467851,0 days 00:00:39.151986,64,0.17312368547533305,0.0007672113671483981,0.42189445643904383,1,64,0.00017757501735628554,COMPLETE
140,0.42062834464982707,2026-08-12 07:32:31.559446,2026-08-12 07:33:11.606849,0 days 00:00:40.047403,64,0.18396853642354688,0.0008131326531176166,0.10496124252563241,1,64,3.623589119260166e-05,COMPLETE
141,0.42181896756591025,2026-08-12 07:33:11.668732,2026-08-12 07:33:53.863642,0 days 00:00:42.194910,64,0.16506534524726274,0.0008757094693306196,0.37740568059025503,1,64,0.0002457627851280898,COMPLETE
142,0.4106235382013484,2026-08-12 07:33:53.925383,2026-08-12 07:34:35.038729,0 days 00:00:41.113346,64,0.18899782466688464,0.0007225592206665501,0.12026457647320948,1,64,0.0009055443765224715,COMPLETE
143,0.41704459832717555,2026-08-12 07:34:35.094411,2026-08-12 07:35:15.300900,0 days 00:00:40.206489,64,0.2425491174241765,0.0007092103671223999,0.1385514635058229,1,64,0.0002321099858372852,COMPLETE
144,0.41203667841938957,2026-08-12 07:35:15.357362,2026-08-12 07:35:40.283323,0 days 00:00:24.925961,128,0.16851873374166096,0.0005476643669611436,0.40871549111670513,1,128,0.00018627224505712514,COMPLETE
145,0.41628827308834077,2026-08-12 07:35:40.342140,2026-08-12 07:36:18.129208,0 days 00:00:37.787068,64,0.14670405677873213,0.0007588775138426421,0.42368337850595617,2,128,7.474820780584715e-05,COMPLETE
146,0.42057010976718623,2026-08-12 07:36:18.234354,2026-08-12 07:37:03.263802,0 days 00:00:45.029448,64,0.18454604858437604,0.0008641728462317484,0.11236617029784983,1,32,0.0004042700589391881,COMPLETE
147,0.4101338624781706,2026-08-12 07:37:03.318804,2026-08-12 07:37:18.270972,0 days 00:00:14.952168,256,0.17471747336074808,0.0007850457679391148,0.06703740982105516,1,128,0.00015156229396468722,COMPLETE
148,0.42112722901830274,2026-08-12 07:37:18.328978,2026-08-12 07:37:59.670457,0 days 00:00:41.341479,64,0.15589931435339227,0.0007388979580024745,0.17680972278765067,1,64,0.0007408980030472454,COMPLETE
149,0.4158597158925208,2026-08-12 07:37:59.731289,2026-08-12 07:38:13.311556,0 days 00:00:13.580267,512,0.16163061162171571,0.000656269440184852,0.08953169399519748,1,256,0.0003359048472440242,COMPLETE
150,0.409748051924408,2026-08-12 07:38:13.388833,2026-08-12 07:38:26.225471,0 days 00:00:12.836638,512,0.24553687343384376,0.0006803602400645991,0.0533443749518776,1,256,0.0013303096692565697,COMPLETE
151,0.4111340822246771,2026-08-12 07:38:26.284771,2026-08-12 07:38:37.973564,0 days 00:00:11.688793,512,0.25712085656766515,0.0005761157623002536,0.2777528606138936,1,256,0.00022541151133297844,COMPLETE
152,0.41963471947320263,2026-08-12 07:38:38.059722,2026-08-12 07:39:05.740379,0 days 00:00:27.680657,128,0.2901175544360782,0.0005292814027695006,0.08936834894396878,1,128,0.00028715676140474085,COMPLETE
153,0.4264995759825432,2026-08-12 07:39:05.798868,2026-08-12 07:39:17.979732,0 days 00:00:12.180864,512,0.14979939365373166,0.0005064409510390019,0.39889315738282316,1,256,0.0006039758843166922,COMPLETE
154,0.40875173460299025,2026-08-12 07:39:18.039051,2026-08-12 07:39:58.931901,0 days 00:00:40.892850,64,0.15199691276579508,0.0004963119191514061,0.43442863749695054,1,512,0.0005471200556480477,COMPLETE
155,0.4132642036139183,2026-08-12 07:39:58.985201,2026-08-12 07:40:13.114690,0 days 00:00:14.129489,256,0.13951384950280105,0.0005125764880358588,0.39612055985262706,1,128,0.00010785267538338047,COMPLETE
156,0.41626844916161543,2026-08-12 07:40:13.172619,2026-08-12 07:40:27.509635,0 days 00:00:14.337016,512,0.17810593663128169,0.0005391930997441667,0.2592443190686851,3,256,0.0010046317998253557,COMPLETE
157,0.41647870309288904,2026-08-12 07:40:27.578698,2026-08-12 07:41:08.669974,0 days 00:00:41.091276,64,0.16246193925756308,0.0007148089755791889,0.4151407090859879,2,32,0.0008617953938494924,COMPLETE
158,0.41664367943835073,2026-08-12 07:41:08.738818,2026-08-12 07:41:21.798861,0 days 00:00:13.060043,512,0.16979028038508492,0.0005906415446791578,0.37263409506361694,1,256,8.47855215762188e-05,COMPLETE
159,0.42227576282667234,2026-08-12 07:41:21.861837,2026-08-12 07:41:33.177490,0 days 00:00:11.315653,512,0.3161658023526799,0.0006683580315922207,0.4001319618396881,1,256,0.0006299545850967284,COMPLETE
160,0.42014800741988473,2026-08-12 07:41:33.235167,2026-08-12 07:41:46.648025,0 days 00:00:13.412858,512,0.14344430224287075,0.0006920580707740249,0.38526637013751786,1,256,2.9042881427262227e-05,COMPLETE
161,0.4208303090056459,2026-08-12 07:41:46.717161,2026-08-12 07:41:59.895600,0 days 00:00:13.178439,512,0.15169766246082156,0.0005568329980179381,0.08206159864403073,1,256,0.0007411522482981061,COMPLETE
162,0.4159066907601292,2026-08-12 07:41:59.961684,2026-08-12 07:42:12.311697,0 days 00:00:12.350013,512,0.16012374301263937,0.0005038964154441271,0.23603205201879898,1,256,0.0004765489426044806,COMPLETE
163,0.42342906386468565,2026-08-12 07:42:12.374880,2026-08-12 07:42:24.565277,0 days 00:00:12.190397,512,0.30889209497352965,0.000736359165238844,0.35944405649488265,1,128,1.9492857676283557e-05,COMPLETE
164,0.40976085769843196,2026-08-12 07:42:24.633555,2026-08-12 07:42:40.366141,0 days 00:00:15.732586,256,0.3082331882641346,0.0007421773398630694,0.35562587980116256,1,128,1.5752731628588365e-05,COMPLETE
165,0.42163114730287193,2026-08-12 07:42:40.429233,2026-08-12 07:43:20.096091,0 days 00:00:39.666858,64,0.16518748536153957,0.0007949491343285134,0.36886125715475687,1,128,1.9887624489264003e-05,COMPLETE
166,0.41908808177111223,2026-08-12 07:43:20.155064,2026-08-12 07:43:35.657131,0 days 00:00:15.502067,512,0.1790756060181493,0.0005298755252965757,0.1878893141176628,1,128,0.001227858005307775,COMPLETE
167,0.41400199494934775,2026-08-12 07:43:35.718380,2026-08-12 07:44:00.859155,0 days 00:00:25.140775,128,0.1864788067031356,0.000771968351183439,0.3398314383609759,1,128,2.276325567023615e-05,COMPLETE
168,0.4121687721414593,2026-08-12 07:44:00.924817,2026-08-12 07:44:15.556659,0 days 00:00:14.631842,512,0.2334956676425224,0.0007089034168872856,0.36143246577848726,3,128,0.0010655519490885348,COMPLETE
169,0.4223793270909472,2026-08-12 07:44:15.620646,2026-08-12 07:44:27.819846,0 days 00:00:12.199200,512,0.29797579546986785,0.0007540895668914419,0.09672297908727298,1,256,0.000375094375770972,COMPLETE
170,0.4085402953884561,2026-08-12 07:44:27.893045,2026-08-12 07:44:40.329756,0 days 00:00:12.436711,512,0.3240416587034537,0.0006842173749654682,0.4064959471632552,1,256,1.758376616810199e-05,COMPLETE
171,0.4117631952500742,2026-08-12 07:44:40.414414,2026-08-12 07:44:51.735945,0 days 00:00:11.321531,512,0.31805603910813146,0.0007236126524805586,0.3824198504027347,1,64,0.0009286445384476172,COMPLETE
172,0.4195930109058349,2026-08-12 07:44:51.799979,2026-08-12 07:45:04.332384,0 days 00:00:12.532405,512,0.3106456503466289,0.0008101872049544656,0.20552271638533237,1,128,2.6912571677345845e-05,COMPLETE
173,0.42157787118825174,2026-08-12 07:45:04.406151,2026-08-12 07:45:45.290242,0 days 00:00:40.884091,64,0.33006404943841405,0.000654995968974808,0.04090655240969583,1,256,0.00020685006008846446,COMPLETE
174,0.41210643122552226,2026-08-12 07:45:45.350472,2026-08-12 07:45:57.191207,0 days 00:00:11.840735,512,0.24975699787560796,0.0006422677501126716,0.3294394377588276,1,128,3.2526872384255174e-05,COMPLETE
175,0.4218389113320447,2026-08-12 07:45:57.254034,2026-08-12 07:46:09.111305,0 days 00:00:11.857271,512,0.30188023011875875,0.0005707479538680987,0.38955121203570525,1,256,0.0012513790856617446,COMPLETE
176,0.4184323514386821,2026-08-12 07:46:09.175638,2026-08-12 07:46:52.775759,0 days 00:00:43.600121,64,0.14759193477385268,0.0006031236774222741,0.3504815692958449,2,32,0.00026754460117621036,COMPLETE
177,0.41792454602862855,2026-08-12 07:46:52.832419,2026-08-12 07:47:10.354650,0 days 00:00:17.522231,256,0.17276170813836808,0.0007014640124678465,0.10865296330707601,1,64,4.523596504566034e-05,COMPLETE
178,0.4250101181918076,2026-08-12 07:47:10.421893,2026-08-12 07:47:21.968586,0 days 00:00:11.546693,512,0.28796689811980675,0.0007360192785375913,0.41138633583042344,1,256,0.0001881068681036218,COMPLETE
179,0.4177144418379888,2026-08-12 07:47:22.034914,2026-08-12 07:47:33.236810,0 days 00:00:11.201896,512,0.28383086961513415,0.0007544590236402171,0.41407216932671337,1,256,0.000186588317788009,COMPLETE
180,0.42773085625540297,2026-08-12 07:47:33.303403,2026-08-12 07:47:45.521826,0 days 00:00:12.218423,512,0.29346761726617043,0.0007297747509706949,0.42736297306678356,1,256,0.00016357322538998245,COMPLETE
181,0.412554528310565,2026-08-12 07:47:45.592423,2026-08-12 07:47:56.677643,0 days 00:00:11.085220,512,0.29191503008923136,0.0007330397365089908,0.4402731436319995,1,256,0.00014962467057686975,COMPLETE
182,0.40729435152940313,2026-08-12 07:47:56.735981,2026-08-12 07:48:08.488495,0 days 00:00:11.752514,512,0.24076378228606182,0.0007759338272277817,0.4257456779958208,1,256,0.00016248504993472202,COMPLETE
183,0.4210162385305788,2026-08-12 07:48:08.581048,2026-08-12 07:48:21.295927,0 days 00:00:12.714879,512,0.27586534270720686,0.00073851466522464,0.41938394827176406,1,256,0.0001276038669790733,COMPLETE
184,0.41782378585943575,2026-08-12 07:48:21.367290,2026-08-12 07:48:57.752165,0 days 00:00:36.384875,64,0.3031734580602693,0.0007118785756185468,0.43490143903331907,1,128,0.00019121578301637323,COMPLETE
185,0.40818123627001,2026-08-12 07:48:57.814515,2026-08-12 07:49:10.310974,0 days 00:00:12.496459,512,0.19244232503518408,0.0007586646823677265,0.40756981092727507,1,256,0.000229698062311471,COMPLETE
186,0.4243087640715333,2026-08-12 07:49:10.370653,2026-08-12 07:49:34.178763,0 days 00:00:23.808110,128,0.1549974025594726,0.0007207239599132197,0.40021010873972934,1,128,0.00017688266139159446,COMPLETE
187,0.416645226984847,2026-08-12 07:49:34.238272,2026-08-12 07:49:57.385762,0 days 00:00:23.147490,128,0.15732889410320908,0.0007208362457719538,0.39993065272006695,3,128,0.00016995582799561162,COMPLETE
188,0.42028677156701433,2026-08-12 07:49:57.449631,2026-08-12 07:50:22.910965,0 days 00:00:25.461334,128,0.19960632673098322,0.0004548892812463382,0.22224701325801174,1,128,1.3583476333737948e-05,COMPLETE
189,0.4215791865386841,2026-08-12 07:50:22.975106,2026-08-12 07:50:46.964570,0 days 00:00:23.989464,128,0.15327298127946717,0.0007383837172301301,0.37629066149280493,1,128,0.00021886921356661674,COMPLETE
190,0.4169372568335249,2026-08-12 07:50:47.032037,2026-08-12 07:51:11.633493,0 days 00:00:24.601456,128,0.2658180772392592,0.0005431154140118201,0.3945334054770147,1,128,0.00014512943471868458,COMPLETE
191,0.4155542981514633,2026-08-12 07:51:11.703992,2026-08-12 07:51:34.269406,0 days 00:00:22.565414,128,0.14510252117113073,0.0007044842362805818,0.4253727991575075,1,128,0.00011780414407373535,COMPLETE
192,0.41972816868719753,2026-08-12 07:51:34.332002,2026-08-12 07:52:14.010356,0 days 00:00:39.678354,64,0.1652080484234124,0.0006781348652751279,0.41604041485349774,1,256,0.0001770874635996386,COMPLETE
193,0.41030168743655165,2026-08-12 07:52:14.078740,2026-08-12 07:52:33.759507,0 days 00:00:19.680767,256,0.17015965575854172,0.00048333761114102784,0.13097269994233157,1,512,2.469720361007298e-05,COMPLETE
194,0.4176252575235597,2026-08-12 07:52:33.846209,2026-08-12 07:52:46.240861,0 days 00:00:12.394652,512,0.1585859495511873,0.0008951904711616655,0.40205326549197956,1,64,0.00013518597304666146,COMPLETE
195,0.41424119314449825,2026-08-12 07:52:46.331808,2026-08-12 07:53:38.080440,0 days 00:00:51.748632,64,0.14972489686414606,0.0007894036647449541,0.29230144375074996,2,256,3.7917769848431277e-05,COMPLETE
196,0.4137122772384846,2026-08-12 07:53:38.150850,2026-08-12 07:53:55.671414,0 days 00:00:17.520564,512,0.2545621159508306,0.0007270773072231788,0.38987087554342303,1,128,0.0013238104130786571,COMPLETE
197,0.4173283048950704,2026-08-12 07:53:55.737258,2026-08-12 07:54:53.288849,0 days 00:00:57.551591,64,0.13234581186792801,0.0007622536749431967,0.4077135086756837,1,32,0.0011549764237142016,COMPLETE
198,0.4200491451568318,2026-08-12 07:54:53.341226,2026-08-12 07:55:30.457730,0 days 00:00:37.116504,128,0.13971652342578844,0.0008274296725604345,0.4326789068611276,1,256,0.00019670670513424136,COMPLETE
199,0.42439904558739455,2026-08-12 07:55:30.523873,2026-08-12 07:55:48.447342,0 days 00:00:17.923469,512,0.2853299526806579,0.0006871451323877307,0.11762318336473428,1,256,0.00041286731297418317,COMPLETE
200,0.40433408277014443,2026-08-12 07:55:48.518653,2026-08-12 07:56:09.072155,0 days 00:00:20.553502,512,0.2774085767845393,0.0007164548563661518,0.11034434646447362,1,256,0.0010221248685961725,COMPLETE
201,0.4194884311790691,2026-08-12 07:56:09.126841,2026-08-12 07:56:29.117680,0 days 00:00:19.990839,512,0.2867764842556952,0.0006942003969966208,0.11896311116163745,1,256,0.0005193445811456613,COMPLETE
202,0.4178450823525353,2026-08-12 07:56:29.190726,2026-08-12 07:56:46.314969,0 days 00:00:17.124243,512,0.29469135809911795,0.0005137740668961384,0.1440390466880367,1,256,0.00015836718933139865,COMPLETE
203,0.4157780348987665,2026-08-12 07:56:46.382842,2026-08-12 07:57:02.605671,0 days 00:00:16.222829,512,0.30715998301771047,0.0005312621459924912,0.38033736711924704,1,256,0.0002525189322356907,COMPLETE
204,0.4226620402362557,2026-08-12 07:57:02.672478,2026-08-12 07:57:19.898869,0 days 00:00:17.226391,512,0.18030567222116037,0.0005571835886030347,0.4131985136409167,1,128,0.0008210406697347374,COMPLETE
205,0.42460492259127114,2026-08-12 07:57:19.969091,2026-08-12 07:57:43.722138,0 days 00:00:23.753047,256,0.18077888971373124,0.0005561085828484763,0.3166798957274994,1,128,0.0009134919994864287,COMPLETE
206,0.41995060463427336,2026-08-12 07:57:43.777100,2026-08-12 07:58:05.018022,0 days 00:00:21.240922,256,0.17350156717087736,0.0005489783954303141,0.37118383670677557,1,128,0.00094100864528246,COMPLETE
207,0.4134661028662932,2026-08-12 07:58:05.114568,2026-08-12 07:58:27.059716,0 days 00:00:21.945148,256,0.3156884982119015,0.0007459163718893876,0.31589564875226,3,128,0.0011121815880385652,COMPLETE
208,0.4214329480096813,2026-08-12 07:58:27.149731,2026-08-12 07:58:50.308246,0 days 00:00:23.158515,256,0.18228377535258247,0.0006834712787792274,0.3449441365218699,1,128,2.8508038769077296e-05,COMPLETE
209,0.4134039974403706,2026-08-12 07:58:50.363533,2026-08-12 07:59:12.263599,0 days 00:00:21.900066,256,0.1775033746195223,0.0005533897900000032,0.4223279159865034,1,128,0.0008225842031583782,COMPLETE
210,0.4264006278486495,2026-08-12 07:59:12.328230,2026-08-12 07:59:33.785669,0 days 00:00:21.457439,256,0.189086078175737,0.0005705090653358304,0.4012810799892542,1,128,0.000806196033201051,COMPLETE
211,0.4177659716018659,2026-08-12 07:59:33.860539,2026-08-12 07:59:58.022456,0 days 00:00:24.161917,256,0.18676425570121893,0.0005781431223675611,0.38808221006931976,1,128,0.0006345114155135416,COMPLETE
212,0.4205215548880986,2026-08-12 07:59:58.097109,2026-08-12 08:00:20.985166,0 days 00:00:22.888057,256,0.1897656563983816,0.000986148601611358,0.3069980756383873,1,128,0.0007482243357298721,COMPLETE
213,0.41728872382933135,2026-08-12 08:00:21.050653,2026-08-12 08:00:44.631835,0 days 00:00:23.581182,256,0.18251552476804297,0.0005662193329223312,0.3996001817715639,1,128,0.0008911144028321666,COMPLETE
214,0.41770112816233,2026-08-12 08:00:44.720841,2026-08-12 08:01:10.303111,0 days 00:00:25.582270,256,0.175959136494789,0.0005953069919185705,0.2664393512740169,1,128,0.0009836009728310133,COMPLETE
215,0.4156045794986264,2026-08-12 08:01:10.375930,2026-08-12 08:01:35.396622,0 days 00:00:25.020692,256,0.1655423277808056,0.0005791136958347979,0.44019278538140155,2,128,0.0007128765190600214,COMPLETE
216,0.4171214201906011,2026-08-12 08:01:35.465330,2026-08-12 08:02:22.162269,0 days 00:00:46.696939,64,0.29783823848514307,0.0005209006271898685,0.4075981583694843,1,64,0.0005787470640311402,COMPLETE
217,0.41790632146870554,2026-08-12 08:02:22.241915,2026-08-12 08:03:10.651858,0 days 00:00:48.409943,64,0.16039213472816502,0.0007023063291599196,0.4293817191817088,1,128,0.0004124590394197251,COMPLETE
218,0.4189924657719248,2026-08-12 08:03:10.710428,2026-08-12 08:03:31.941374,0 days 00:00:21.230946,256,0.1684599426117457,0.0007465812251375537,0.3591262267323692,1,32,3.198271148107821e-05,COMPLETE
219,0.41477240923445147,2026-08-12 08:03:32.008486,2026-08-12 08:03:48.938012,0 days 00:00:16.929526,512,0.17957177658297002,0.0005537371246884059,0.41278995536248514,1,128,0.0008266496410537756,COMPLETE
220,0.4215927850614978,2026-08-12 08:03:49.033971,2026-08-12 08:04:08.454620,0 days 00:00:19.420649,512,0.19126241470200803,0.0005325976664553478,0.42012896571108344,1,128,0.0003005338935960041,COMPLETE
221,0.4173743502081181,2026-08-12 08:04:08.533543,2026-08-12 08:04:25.854908,0 days 00:00:17.321365,512,0.19569836788484526,0.0005438047631648711,0.3907131145487031,1,128,0.0010469001505780554,COMPLETE
222,0.417400261493041,2026-08-12 08:04:25.968634,2026-08-12 08:04:44.574879,0 days 00:00:18.606245,512,0.18503211091724225,0.0005860489771961317,0.40313887839620105,1,128,0.0008673163820653791,COMPLETE
223,0.41940240231359466,2026-08-12 08:04:44.644597,2026-08-12 08:05:39.246830,0 days 00:00:54.602233,64,0.18041040952368,0.0005724656990979069,0.41287894457295227,1,128,0.0007890206101743338,COMPLETE
224,0.4122082856573431,2026-08-12 08:05:39.332474,2026-08-12 08:06:08.792079,0 days 00:00:29.459605,128,0.28292285182609633,0.0005607846156823738,0.38121022920138015,1,128,2.1158181415237822e-05,COMPLETE
225,0.4038316053912596,2026-08-12 08:06:08.854594,2026-08-12 08:06:28.093766,0 days 00:00:19.239172,512,0.17159306516134787,0.0004746734469628593,0.3969281815553471,1,64,0.0006662272394132512,COMPLETE
226,0.42763749262115786,2026-08-12 08:06:28.178815,2026-08-12 08:07:18.853424,0 days 00:00:50.674609,64,0.15198933062563963,0.0007319971674587548,0.1282488941738103,1,128,0.001192820523499101,COMPLETE
227,0.41904342106813997,2026-08-12 08:07:18.937075,2026-08-12 08:08:14.624586,0 days 00:00:55.687511,64,0.15325204605103182,0.0007312636708364268,0.12495333079251303,1,256,0.001209257929265583,COMPLETE
228,0.41598654090687404,2026-08-12 08:08:14.732387,2026-08-12 08:09:08.219451,0 days 00:00:53.487064,64,0.14785762034954192,0.0007172581230484177,0.13587584702140207,3,128,0.001342911317201871,COMPLETE
229,0.42071854746323495,2026-08-12 08:09:08.285407,2026-08-12 08:10:00.151333,0 days 00:00:51.865926,64,0.15410698536961928,0.0007775813233313007,0.11474061724854429,1,128,6.439663066440282e-05,COMPLETE
230,0.4222329566725691,2026-08-12 08:10:00.213562,2026-08-12 08:10:55.915920,0 days 00:00:55.702358,64,0.16059779010431244,0.00073215187564894,0.16445427609917407,1,128,0.001120905685000395,COMPLETE
231,0.42111168496523027,2026-08-12 08:10:55.975770,2026-08-12 08:11:53.315771,0 days 00:00:57.340001,64,0.1418035532298005,0.0007081948924985297,0.10344370454127755,1,128,0.0009858179338642365,COMPLETE
232,0.4192774499648304,2026-08-12 08:11:53.384122,2026-08-12 08:12:11.754560,0 days 00:00:18.370438,512,0.17631974732175257,0.0007626937855037699,0.287735565759096,1,128,0.0012043155692181855,COMPLETE
233,0.4217401597616284,2026-08-12 08:12:11.819424,2026-08-12 08:12:41.843822,0 days 00:00:30.024398,256,0.32043760631130974,0.0006148068843316324,0.12774979365171207,1,512,0.0002074245994868874,COMPLETE
234,0.4253729145411277,2026-08-12 08:12:41.914897,2026-08-12 08:13:56.182029,0 days 00:01:14.267132,512,0.1866429357796255,0.0006755229715671707,0.36594930288722294,1,256,0.0009065491771751328,COMPLETE
235,0.4161990782629404,2026-08-12 08:13:56.237459,2026-08-12 08:17:57.826494,0 days 00:04:01.589035,64,0.14991225397588356,0.0006856367841792237,0.37173537421515634,1,256,0.0009439521084441495,COMPLETE
